{
"skeleton": {
	"hash": "bAamo4f1fW4",
	"spine": "4.0.64",
	"x": -292.4,
	"y": -6.33,
	"width": 589.18,
	"height": 279.68,
	"images": "./images/",
	"audio": "E:/MergeFruits/Win/images"
},
"bones": [
	{ "name": "root" },
	{ "name": "All", "parent": "root", "color": "35ff00ff" },
	{
		"name": "All2",
		"parent": "All",
		"length": 21.12,
		"rotation": 113.5,
		"x": -226.59,
		"y": 65.6,
		"color": "35ff00ff"
	},
	{ "name": "All3", "parent": "All2", "length": 23.36, "rotation": -19.36, "x": 21.12, "color": "35ff00ff" },
	{ "name": "All4", "parent": "All3", "length": 21.65, "rotation": -17.63, "x": 23.36, "color": "35ff00ff" },
	{ "name": "All5", "parent": "All4", "length": 20.23, "rotation": -15.56, "x": 21.65, "color": "35ff00ff" },
	{ "name": "All6", "parent": "All5", "length": 22.24, "rotation": -14.92, "x": 20.23, "color": "35ff00ff" },
	{ "name": "All7", "parent": "All6", "length": 21.91, "rotation": -15.19, "x": 22.24, "color": "35ff00ff" },
	{ "name": "All8", "parent": "All7", "length": 22.29, "rotation": -14, "x": 21.91, "color": "35ff00ff" },
	{ "name": "All9", "parent": "All8", "length": 23.6, "rotation": -18.88, "x": 22.29, "color": "35ff00ff" },
	{
		"name": "All10",
		"parent": "All",
		"x": 6.39,
		"y": 184.85,
		"scaleX": 0.8,
		"scaleY": 0.8,
		"color": "35ff00ff"
	},
	{ "name": "All11", "parent": "All", "x": -0.86, "y": 105.92, "color": "ffe500ff" },
	{ "name": "All12", "parent": "All", "x": 207.28, "y": 94.33, "color": "ffe500ff" },
	{ "name": "All13", "parent": "All", "x": -206.68, "y": 92.94, "color": "ffe500ff" },
	{
		"name": "All14",
		"parent": "All",
		"length": 24.85,
		"rotation": 165.96,
		"x": -210.85,
		"y": 50.29,
		"color": "ffe500ff"
	},
	{ "name": "All15", "parent": "All14", "length": 17.65, "rotation": 0.36, "x": 24.85, "color": "ffe500ff" },
	{ "name": "All16", "parent": "All15", "length": 31.37, "rotation": -5.3, "x": 17.65, "color": "ffe500ff" },
	{
		"name": "All17",
		"parent": "All",
		"length": 28.37,
		"rotation": 8.45,
		"x": 204.97,
		"y": 53.54,
		"color": "ffe500ff"
	},
	{ "name": "All18", "parent": "All17", "length": 22.73, "rotation": 0.46, "x": 28.37, "color": "ffe500ff" },
	{ "name": "All19", "parent": "All18", "length": 36.21, "rotation": 1.56, "x": 22.73, "color": "ffe500ff" },
	{
		"name": "All20",
		"parent": "All",
		"length": 21.12,
		"rotation": 67.12,
		"x": 234.69,
		"y": 68.29,
		"scaleY": -1,
		"color": "35ff00ff"
	},
	{ "name": "All21", "parent": "All20", "length": 23.36, "rotation": -19.36, "x": 21.12, "color": "35ff00ff" },
	{ "name": "All22", "parent": "All21", "length": 21.65, "rotation": -17.63, "x": 23.36, "color": "35ff00ff" },
	{ "name": "All23", "parent": "All22", "length": 20.23, "rotation": -15.56, "x": 21.65, "color": "35ff00ff" },
	{ "name": "All24", "parent": "All23", "length": 22.24, "rotation": -14.92, "x": 20.23, "color": "35ff00ff" },
	{ "name": "All25", "parent": "All24", "length": 21.91, "rotation": -15.19, "x": 22.24, "color": "35ff00ff" },
	{ "name": "All26", "parent": "All25", "length": 22.29, "rotation": -14, "x": 21.91, "color": "35ff00ff" },
	{ "name": "All27", "parent": "All26", "length": 23.6, "rotation": -18.88, "x": 22.29, "color": "35ff00ff" },
	{
		"name": "bone",
		"parent": "All11",
		"rotation": 1.97,
		"x": 0.86,
		"y": -0.87,
		"scaleX": 1.3248,
		"scaleY": 0.8813,
		"transform": "noRotationOrReflection",
		"color": "ff0000ff"
	},
	{ "name": "All28", "parent": "All", "x": 1.19, "y": 151.03, "color": "35ff00ff" },
	{ "name": "All29", "parent": "All28", "x": 0.94, "y": 52.06, "color": "35ff00ff" },
	{ "name": "All30", "parent": "All28", "x": -0.12, "y": 24.96, "color": "35ff00ff" }
],
"slots": [
	{ "name": "wheat_leaves_R", "bone": "All2", "attachment": "wheat_leaves_R" },
	{ "name": "wheat_leaves_R2", "bone": "All20", "attachment": "wheat_leaves_R" },
	{ "name": "Glow", "bone": "All10", "attachment": "Glow" },
	{ "name": "Crown", "bone": "All28", "attachment": "Crown" },
	{ "name": "Ribbon", "bone": "All", "attachment": "Ribbon" },
	{ "name": "txt_2", "bone": "All11", "attachment": "txt_2" },
	{ "name": "txt_1", "bone": "All11", "attachment": "txt_1" },
	{ "name": "TXT", "bone": "All11", "attachment": "TXT" },
	{ "name": "Shine_txt", "bone": "bone", "attachment": "Shine_txt" }
],
"skins": [
	{
		"name": "default",
		"attachments": {
			"Crown": {
				"Crown": {
					"type": "mesh",
					"uvs": [ 0.15761, 0.18622, 0.139, 0.31011, 0.167, 0.37753, 0.223, 0.40188, 0.18256, 0.27265, 0.22996, 0.18351, 0.33345, 0.20335, 0.37701, 0.35131, 0.4159, 0.27827, 0.44235, 0.16402, 0.38248, 0.06566, 0.4789, 0, 0.5395, 0, 0.62661, 0.06776, 0.5668, 0.16028, 0.58858, 0.26516, 0.61969, 0.34569, 0.68191, 0.19774, 0.75988, 0.16354, 0.82203, 0.20821, 0.7882, 0.44332, 0.83752, 0.40202, 0.87093, 0.32491, 0.88374, 0.20471, 1, 0.20821, 1, 1, 0, 1, 0, 0.19212, 0.49835, 0.46181, 0.11685, 0.42904, 0.20249, 0.54089, 0.32297, 0.50244, 0.62924, 0.4937, 0.77149, 0.56361, 0.87454, 0.47099, 0.15459, 0.73487, 0.28088, 0.6737, 0.50005, 0.6405, 0.70762, 0.68419, 0.86003, 0.76807, 0.4957, 0.27526, 0.50441, 0.08653, 0.50307, 0.36413, 0.56748, 0.47001, 0.5006, 0.57588, 0.43123, 0.47299 ],
					"triangles": [ 37, 26, 36, 31, 3, 7, 16, 17, 20, 20, 17, 19, 19, 17, 18, 3, 6, 7, 6, 4, 5, 6, 3, 4, 36, 31, 37, 37, 31, 44, 38, 37, 32, 32, 37, 44, 44, 43, 32, 34, 24, 25, 26, 27, 29, 39, 33, 34, 35, 29, 30, 38, 32, 33, 36, 30, 31, 44, 31, 45, 45, 28, 44, 44, 28, 43, 33, 20, 34, 33, 32, 20, 30, 29, 3, 30, 3, 31, 3, 29, 2, 31, 7, 45, 43, 16, 32, 28, 45, 42, 20, 21, 34, 21, 22, 34, 34, 22, 24, 28, 42, 43, 43, 42, 16, 42, 45, 7, 42, 7, 8, 42, 8, 40, 22, 23, 24, 29, 1, 2, 29, 27, 1, 42, 15, 16, 42, 40, 15, 1, 27, 0, 8, 9, 40, 40, 14, 15, 40, 9, 14, 9, 41, 14, 9, 10, 41, 14, 41, 13, 10, 11, 41, 41, 12, 13, 41, 11, 12, 32, 16, 20, 26, 37, 25, 26, 35, 36, 37, 38, 25, 38, 39, 25, 39, 34, 25, 26, 29, 35, 38, 33, 39, 35, 30, 36 ],
					"vertices": [ 3, 29, -61.46, 94.01, 0.16804, 30, -62.4, 41.96, 0.67537, 31, -61.34, 69.05, 0.15659, 3, 29, -64.86, 75.18, 0.18955, 30, -65.81, 23.13, 0.66758, 31, -64.75, 50.22, 0.14287, 3, 29, -59.74, 64.93, 0.20251, 30, -60.68, 12.88, 0.69078, 31, -59.62, 39.97, 0.10671, 2, 30, -50.43, 9.18, 0.22571, 31, -49.37, 36.27, 0.77429, 1, 31, -56.77, 55.91, 1, 1, 31, -48.1, 69.46, 1, 1, 31, -29.16, 66.45, 1, 2, 30, -22.25, 16.86, 0.4, 31, -21.19, 43.96, 0.6, 3, 29, -14.19, 80.02, 1.0E-5, 30, -15.13, 27.96, 0.7418, 31, -14.07, 55.06, 0.2582, 1, 30, -10.29, 45.33, 1, 1, 30, -21.25, 60.28, 1, 1, 30, -3.61, 70.26, 1, 1, 30, 7.48, 70.26, 1, 1, 30, 23.42, 59.96, 1, 1, 30, 12.48, 45.9, 1, 3, 29, 17.41, 82.01, 8.0E-5, 30, 16.47, 29.96, 0.7542, 31, 17.53, 57.05, 0.24571, 2, 30, 22.16, 17.72, 0.4, 31, 23.22, 44.81, 0.6, 1, 31, 34.61, 67.3, 1, 1, 31, 48.88, 72.5, 1, 1, 31, 60.25, 65.71, 1, 2, 30, 54.04, 6.61, 0.22571, 31, 55.11, 33.71, 0.77429, 3, 29, 65.81, 64.65, 0.26709, 30, 64.86, 12.59, 0.72433, 31, 65.92, 39.69, 0.00857, 3, 29, 70.08, 74.33, 0.26506, 30, 69.13, 22.27, 0.72637, 31, 70.19, 49.36, 0.00857, 3, 29, 70.63, 90.67, 0.25413, 30, 69.68, 38.61, 0.7373, 31, 70.75, 65.71, 0.00857, 3, 29, 92.7, 90.67, 0.25486, 30, 91.76, 38.61, 0.73657, 31, 92.82, 65.71, 0.00857, 3, 29, 92.7, -29.68, 0.71863, 30, 91.76, -81.74, 0.10264, 31, 92.82, -54.64, 0.17874, 3, 29, -90.3, -29.68, 0.65069, 30, -91.24, -81.74, 0.03867, 31, -90.18, -54.64, 0.31064, 3, 29, -90.3, 93.12, 0.17253, 30, -91.24, 41.06, 0.66734, 31, -90.18, 68.15, 0.16012, 2, 30, -0.05, 0.07, 0.99714, 31, 1.02, 27.16, 0.00286, 3, 29, -68.92, 57.1, 0.24538, 30, -69.86, 5.05, 0.63169, 31, -68.8, 32.14, 0.12293, 3, 29, -53.24, 40.1, 0.31461, 30, -54.19, -11.95, 0.5708, 31, -53.13, 15.14, 0.11459, 3, 29, -31.2, 45.95, 0.12273, 30, -32.14, -6.11, 0.80662, 31, -31.08, 20.98, 0.07066, 3, 29, 25.2, 48.51, 0.06954, 30, 24.25, -3.55, 0.92189, 31, 25.31, 23.54, 0.00857, 3, 29, 51.49, 38.82, 0.3322, 30, 50.55, -13.24, 0.65923, 31, 51.61, 13.86, 0.00857, 3, 29, 71.93, 53.38, 0.30996, 30, 70.99, 1.33, 0.68147, 31, 72.05, 28.42, 0.00857, 3, 29, -62.01, 10.62, 0.47978, 30, -62.95, -41.44, 0.13816, 31, -61.89, -14.34, 0.38206, 3, 29, -38.8, 20.25, 0.36135, 30, -39.75, -31.8, 0.1809, 31, -38.69, -4.71, 0.45775, 3, 29, 1.51, 26.02, 0.21534, 30, 0.56, -26.04, 0.30402, 31, 1.62, 1.06, 0.48064, 3, 29, 39.55, 19.59, 0.41255, 30, 38.61, -32.46, 0.24779, 31, 39.67, -5.37, 0.33966, 3, 29, 67.4, 6.68, 0.57608, 30, 66.45, -45.38, 0.19814, 31, 67.51, -18.28, 0.22579, 1, 30, -0.53, 28.42, 1, 1, 30, 1.06, 57.11, 1, 2, 30, 0.82, 14.91, 0.84286, 31, 1.88, 42.01, 0.15714, 3, 29, 13.71, 51.46, 0.00586, 30, 12.77, -0.6, 0.98272, 31, 13.83, 26.5, 0.01143, 1, 30, 0.56, -16.59, 1, 3, 29, -11.38, 50.42, 0.00586, 30, -12.33, -1.63, 0.98271, 31, -11.27, 25.46, 0.01143 ],
					"hull": 28,
					"edges": [ 20, 22, 22, 24, 24, 26, 48, 50, 50, 52, 52, 54, 18, 16, 20, 18, 16, 14, 14, 12, 12, 10, 10, 8, 8, 6, 6, 4, 4, 2, 0, 54, 2, 0, 28, 30, 30, 32, 32, 34, 36, 38, 34, 36, 38, 40, 40, 42, 42, 44, 28, 26, 46, 48, 44, 46 ],
					"width": 181,
					"height": 150
				}
			},
			"Glow": {
				"Glow": { "width": 187, "height": 187 }
			},
			"Ribbon": {
				"Ribbon": {
					"type": "mesh",
					"uvs": [ 0.89537, 0.26479, 0.91524, 0.25374, 0.93559, 0.23675, 0.95499, 0.21381, 0.97369, 0.19257, 0.98552, 0.21381, 0.98907, 0.27668, 0.98268, 0.35484, 0.97605, 0.43215, 0.96777, 0.53665, 0.96747, 0.5933, 0.97599, 0.65786, 0.98592, 0.72328, 0.9931, 0.77671, 0.9931, 0.82394, 0.98588, 0.87487, 0.96499, 0.91099, 0.93069, 0.9397, 0.8871, 0.96748, 0.8528, 0.97396, 0.83809, 0.94525, 0.82958, 0.85172, 0.82417, 0.69985, 0.78222, 0.68689, 0.72367, 0.6767, 0.67028, 0.66929, 0.61844, 0.66466, 0.5559, 0.6585, 0.49635, 0.66176, 0.41316, 0.66013, 0.36134, 0.66503, 0.28906, 0.68135, 0.2336, 0.68624, 0.17223, 0.70909, 0.1692, 0.79554, 0.16448, 0.89195, 0.15326, 0.95657, 0.11431, 0.96822, 0.06651, 0.9481, 0.00514, 0.84428, 0.00455, 0.7627, 0.01724, 0.69172, 0.02816, 0.5985, 0.02904, 0.53705, 0.0194, 0.41644, 0.01203, 0.32321, 0.00937, 0.23528, 0.02088, 0.18973, 0.04035, 0.19714, 0.06927, 0.23422, 0.10291, 0.25329, 0.10586, 0.12934, 0.12386, 0.07955, 0.17543, 0.04459, 0.24447, 0.01917, 0.31322, 0.00751, 0.4054, 0, 0.48802, 0, 0.56445, 0, 0.62598, 0.00481, 0.70106, 0.0132, 0.78583, 0.03117, 0.84757, 0.05633, 0.88666, 0.09108, 0.89867, 0.15937, 0.89201, 0.35511, 0.89201, 0.49115, 0.89018, 0.66449, 0.8584, 0.64693, 0.1072, 0.36608, 0.10476, 0.52187, 0.10292, 0.71056, 0.13776, 0.66668 ],
					"triangles": [ 48, 45, 46, 45, 49, 44, 47, 48, 46, 49, 45, 48, 69, 43, 44, 49, 69, 44, 70, 42, 43, 39, 40, 41, 71, 41, 42, 39, 41, 38, 4, 6, 3, 6, 4, 5, 7, 3, 6, 7, 2, 3, 7, 8, 2, 8, 1, 2, 8, 9, 1, 65, 1, 9, 10, 66, 9, 13, 16, 12, 12, 16, 11, 13, 14, 16, 67, 10, 11, 16, 14, 15, 11, 17, 67, 16, 17, 11, 68, 23, 65, 9, 66, 65, 0, 63, 64, 0, 62, 63, 0, 65, 62, 61, 62, 65, 1, 65, 0, 24, 60, 61, 25, 60, 24, 65, 24, 61, 65, 23, 24, 22, 23, 68, 10, 67, 66, 66, 68, 65, 67, 68, 66, 21, 22, 68, 67, 20, 21, 68, 67, 21, 18, 67, 17, 67, 19, 20, 18, 19, 67, 27, 57, 58, 29, 56, 57, 28, 29, 57, 27, 28, 57, 26, 58, 59, 27, 58, 26, 30, 55, 56, 30, 56, 29, 25, 59, 60, 26, 59, 25, 70, 69, 72, 71, 70, 72, 34, 72, 33, 34, 71, 72, 34, 35, 71, 35, 37, 71, 37, 38, 71, 35, 36, 37, 71, 42, 70, 38, 41, 71, 69, 33, 72, 31, 55, 30, 70, 43, 69, 32, 33, 69, 52, 50, 51, 53, 69, 50, 50, 69, 49, 52, 53, 50, 31, 54, 55, 32, 53, 54, 32, 54, 31, 32, 69, 53 ],
					"vertices": [ 1, 12, 31.24, 17.06, 1, 3, 18, 25.73, 52.17, 0.1117, 12, 43.09, 18.9, 0.39014, 19, 4.42, 52.07, 0.49816, 3, 18, 38.15, 53.08, 0.06241, 12, 55.21, 21.72, 0.23231, 19, 16.86, 52.64, 0.70528, 3, 18, 50.17, 55.05, 0.02029, 12, 66.78, 25.53, 0.15341, 19, 28.92, 54.29, 0.8263, 3, 18, 61.72, 56.81, 0.00312, 12, 77.92, 29.05, 0.12369, 19, 40.52, 55.73, 0.87319, 3, 18, 68.14, 52.24, 4.9E-4, 12, 84.97, 25.53, 0.11814, 19, 46.81, 50.98, 0.88137, 2, 12, 87.09, 15.09, 0.1121, 19, 47, 40.34, 0.8879, 4, 18, 62.84, 29.37, 4.3E-4, 17, 90.97, 29.87, 0, 12, 83.28, 2.12, 0.09792, 19, 40.9, 28.27, 0.90165, 4, 18, 56.96, 17.3, 7.6E-4, 17, 85.18, 17.76, 0, 12, 79.33, -10.72, 0.06481, 19, 34.68, 16.37, 0.93443, 3, 17, 77.75, 1.32, 0, 12, 74.39, -28.06, 0.00105, 19, 26.68, 0.2, 0.99895, 2, 18, 47.76, -8.33, 0.03974, 19, 24.79, -9.01, 0.96026, 4, 18, 51.11, -19.71, 0.13327, 17, 79.64, -19.3, 0.00347, 12, 79.29, -48.19, 0, 19, 27.84, -20.47, 0.86325, 4, 18, 55.29, -31.35, 0.19669, 17, 83.9, -30.91, 0.01279, 12, 85.21, -59.05, 0, 19, 31.69, -32.23, 0.79052, 4, 18, 58.14, -40.78, 0.22616, 17, 86.83, -40.31, 0.02209, 12, 89.49, -67.92, 0, 19, 34.29, -41.73, 0.75175, 4, 18, 56.93, -48.53, 0.24178, 17, 85.68, -48.07, 0.03126, 12, 89.49, -75.76, 0, 19, 32.87, -49.44, 0.72696, 4, 18, 51.37, -56.21, 0.26015, 17, 80.18, -55.8, 0.04779, 12, 85.19, -84.21, 0, 19, 27.1, -56.97, 0.69205, 4, 18, 38.14, -60.21, 0.29656, 17, 66.98, -59.9, 0.10138, 12, 72.74, -90.21, 0, 19, 13.77, -60.6, 0.60205, 4, 18, 17.2, -61.75, 0.33874, 17, 46.06, -61.61, 0.287, 12, 52.29, -94.97, 0, 19, -7.2, -61.58, 0.37426, 4, 18, -9.18, -62.28, 0.24764, 17, 19.68, -62.36, 0.63052, 12, 26.31, -99.58, 0, 19, -33.59, -61.4, 0.12184, 4, 18, -29.54, -60.18, 0.15608, 17, -0.7, -60.42, 0.80866, 12, 5.87, -100.66, 0, 19, -53.89, -58.74, 0.03526, 4, 18, -37.46, -54.12, 0.1333, 17, -8.66, -54.42, 0.8454, 12, -2.89, -95.89, 0, 19, -61.64, -52.46, 0.0213, 3, 18, -40.07, -37.99, 0.0905, 17, -11.4, -38.31, 0.90283, 19, -63.81, -36.28, 0.00666, 2, 11, 196.95, -66.75, 0.25879, 12, -11.2, -55.16, 0.74121, 2, 11, 171.95, -64.59, 0.24901, 12, -36.2, -53, 0.75099, 2, 11, 137.05, -62.9, 0.39815, 12, -71.09, -51.31, 0.60185, 2, 11, 105.23, -61.67, 0.51273, 12, -102.91, -50.08, 0.48727, 2, 11, 74.33, -60.9, 0.51596, 12, -133.81, -49.32, 0.48404, 3, 13, 242.89, -46.9, 0.0011, 11, 37.06, -59.88, 0.53606, 12, -171.08, -48.29, 0.46284, 3, 13, 207.39, -47.44, 0.11966, 11, 1.57, -60.42, 0.58795, 12, -206.57, -48.83, 0.29239, 3, 13, 157.81, -47.17, 0.60607, 11, -48.01, -60.15, 0.39393, 12, -256.15, -48.56, 0, 2, 13, 126.93, -47.98, 0.60633, 11, -78.9, -60.96, 0.39367, 2, 13, 83.85, -50.69, 0.72839, 11, -121.98, -63.67, 0.27161, 2, 13, 50.79, -51.51, 0.74802, 11, -155.03, -64.49, 0.25198, 3, 13, 14.22, -55.3, 0.72589, 14, -20.91, 7.81, 0.14725, 11, -191.61, -68.28, 0.12686, 5, 13, 12.41, -69.65, 0.00286, 14, -22.64, 22.17, 0.97096, 15, -47.34, 22.48, 0.02414, 11, -193.41, -82.63, 0.00184, 16, -66.79, 16.38, 2.0E-4, 3, 14, -23.79, 38.38, 0.93583, 15, -48.39, 38.69, 0.05687, 16, -69.33, 32.43, 0.00729, 3, 14, -19.91, 50.41, 0.90538, 15, -44.43, 50.69, 0.07714, 16, -66.5, 44.74, 0.01749, 3, 14, 2.14, 57.92, 0.75315, 15, -22.33, 58.06, 0.15695, 16, -45.18, 54.12, 0.0899, 3, 14, 30.59, 61.59, 0.42796, 15, 6.14, 61.55, 0.26079, 16, -17.15, 60.22, 0.31125, 3, 14, 70.26, 53.74, 0.10644, 15, 45.75, 53.45, 0.21825, 16, 23.05, 55.81, 0.67531, 3, 14, 73.89, 40.69, 0.08481, 15, 49.3, 40.37, 0.20276, 16, 27.78, 43.12, 0.71243, 3, 14, 69.41, 27.42, 0.0559, 15, 44.73, 27.14, 0.16513, 16, 24.46, 29.52, 0.77897, 3, 14, 66.85, 10.83, 0.00918, 15, 42.07, 10.56, 0.05031, 16, 23.34, 12.77, 0.94051, 3, 14, 68.81, 0.81, 2.4E-4, 15, 43.97, 0.53, 0.00321, 16, 26.15, 2.95, 0.99655, 4, 13, -76.87, -6.72, 0.05822, 14, 79.24, -17.23, 0, 15, 54.28, -17.57, 2.9E-4, 16, 38.09, -14.11, 0.94149, 3, 13, -81.26, 8.76, 0.09747, 14, 87.26, -31.17, 0, 16, 47.28, -27.32, 0.90253, 4, 13, -82.85, 23.35, 0.11399, 14, 92.33, -44.95, 0, 15, 67.2, -45.38, 1.0E-4, 16, 53.52, -40.61, 0.88591, 4, 13, -75.99, 30.91, 0.12251, 14, 87.51, -53.95, 0, 15, 62.32, -54.35, 0.00186, 16, 49.5, -49.99, 0.87563, 4, 13, -64.38, 29.68, 0.15096, 14, 75.95, -55.57, 0, 15, 50.75, -55.89, 0.01084, 16, 38.12, -52.6, 0.8382, 3, 13, -47.15, 23.53, 0.29482, 15, 32.55, -53.99, 0.05047, 16, 19.82, -52.38, 0.65471, 3, 13, -27.1, 20.36, 0.80651, 14, 37.52, -55.57, 0.19344, 11, -232.92, 7.38, 4.0E-5, 3, 13, -25.34, 40.94, 0.84174, 14, 40.81, -75.96, 0.15546, 11, -231.16, 27.96, 0.0028, 3, 13, -14.61, 49.2, 0.84109, 14, 32.41, -86.58, 0.15059, 11, -220.44, 36.22, 0.00832, 2, 13, 16.12, 55.01, 0.93384, 11, -189.7, 42.03, 0.06616, 2, 13, 57.28, 59.23, 0.77103, 11, -148.55, 46.25, 0.22897, 2, 13, 98.25, 61.16, 0.54534, 11, -107.57, 48.18, 0.45466, 2, 13, 153.19, 62.41, 0.22108, 11, -52.63, 49.43, 0.77892, 3, 13, 202.43, 62.41, 0.02929, 11, -3.39, 49.43, 0.956, 12, -211.54, 61.02, 0.01471, 2, 11, 42.15, 49.43, 0.85652, 12, -165.99, 61.02, 0.14348, 2, 11, 78.83, 48.63, 0.66402, 12, -129.32, 60.22, 0.33598, 2, 11, 123.58, 47.24, 0.38651, 12, -84.56, 58.83, 0.61349, 2, 11, 174.1, 44.26, 0.12058, 12, -34.04, 55.84, 0.87942, 2, 11, 210.9, 40.08, 0.02119, 12, 2.75, 51.67, 0.97881, 2, 11, 234.19, 34.31, 0.00185, 12, 26.05, 45.9, 0.99815, 1, 12, 33.21, 34.56, 1, 3, 18, 9.45, 37.69, 0.10328, 17, 37.51, 37.76, 0.05494, 12, 29.24, 2.07, 0.84178, 3, 18, 5.95, 15.38, 0.10285, 17, 34.19, 15.43, 0.43395, 12, 29.24, -20.51, 0.4632, 2, 18, 0.42, -12.88, 0.08799, 17, 28.89, -12.87, 0.91201, 2, 18, -17.84, -7.07, 0.07498, 17, 10.58, -7.21, 0.92502, 2, 13, -24.54, 1.64, 0.91417, 14, 30.5, -38.03, 0.08583, 2, 13, -26, -24.22, 0.27403, 14, 25.64, -12.58, 0.72597, 1, 14, 19.11, 18.07, 1, 1, 14, 0.73, 5.97, 1 ],
					"hull": 65,
					"edges": [ 0, 2, 2, 4, 4, 6, 6, 8, 8, 10, 10, 12, 12, 14, 14, 16, 16, 18, 18, 20, 20, 22, 22, 24, 24, 26, 26, 28, 28, 30, 30, 32, 32, 34, 34, 36, 36, 38, 38, 40, 40, 42, 42, 44, 44, 46, 46, 48, 48, 50, 50, 52, 52, 54, 54, 56, 56, 58, 58, 60, 60, 62, 62, 64, 64, 66, 66, 68, 68, 70, 70, 72, 72, 74, 74, 76, 76, 78, 78, 80, 80, 82, 82, 84, 84, 86, 86, 88, 88, 90, 90, 92, 92, 94, 94, 96, 96, 98, 98, 100, 100, 102, 102, 104, 104, 106, 106, 108, 108, 110, 110, 112, 112, 114, 114, 116, 116, 118, 118, 120, 120, 122, 122, 124, 124, 126, 126, 128, 0, 128 ],
					"width": 594,
					"height": 164
				}
			},
			"Shine_txt": {
				"Shine_txt": { "color": "ffffffd2", "x": 9.39, "y": -5.2, "width": 305, "height": 67 }
			},
			"TXT": {
				"TXT": {
					"type": "clipping",
					"end": "TXT",
					"vertexCount": 242,
					"vertices": [ -158.83, -23.18, -163.82, -14.1, -165.69, -9.08, -165.81, -3.47, -165.87, 4.92, -163.76, 10.92, -160.78, 14.96, -156.76, 18.9, -152.71, 20.99, -147.11, 20.98, -141.74, 21.02, -135.72, 17.96, -131.74, 13.97, -129.77, 10.99, -129.75, 5.91, -131.41, 3.58, -133.73, 1.91, -137.82, 1.94, -140.77, 5.94, -143.79, 8.92, -147.76, 8.93, -150.77, 5.89, -152.74, 0.88, -120.8, 0.95, -118.69, 9.75, -115.81, 16.84, -113.71, 20.87, -108.8, 23.96, -100.79, 24, -96.68, 21.15, -92.67, 16.96, -89.68, 11, -87.73, 5.88, -86.76, -1, -81.65, 2.89, -81.72, 23.81, -79.58, 25.99, -75.95, 26.54, -72.8, 25.86, -67.63, 20.39, -57.33, 8.06, -44.8, 25.99, -41.07, 28.11, -35.94, 27.96, -32.79, 25.95, -32.68, 2.11, -27.93, 2.1, -27.78, 23.76, -26.79, 25.99, -24.69, 26.97, 0.19, 26.96, 1.3, 25.97, 1.23, 21.52, 1.26, 16.84, -0.71, 14.96, -11.72, 14.97, -15.79, 15.84, -15.77, 8.04, -1.74, 7.95, -1.62, 3.35, 22.78, 2.62, 23.68, 11.36, 26.5, 17.6, 29.61, 21.5, 33.02, 24.24, 36, 25.66, 38.73, 26.58, 46.73, 26.51, 51.72, 24.53, 54.86, 21.57, 57.94, 17.31, 60.8, 11.34, 61.75, 2.18, 67.15, 2.85, 64.82, 21.46, 65.85, 24.79, 68.37, 26.05, 74.31, 25.99, 76.16, 23.47, 80.76, -1.9, 90.45, 24.07, 93.78, 25.4, 98.71, 25.29, 102.51, 23.64, 104.51, 21.03, 97.13, 0.1, 105.22, 0.43, 105.93, 19.42, 107.16, 22.87, 110.6, 24.1, 121.75, 23.99, 132.31, 23.17, 136.57, 21.04, 135.67, 13.22, 132.73, 10.17, 126.16, 10.77, 118.27, 12.18, 118.25, 8, 136.96, 8.08, 137.19, 13.83, 138.2, 19.22, 139.32, 20.97, 141.3, 22.06, 147.2, 22.03, 153.99, 21.1, 160.41, 18.81, 165.01, 15.92, 168.81, 12.14, 171.2, 7.02, 171.37, -2.15, 169.45, -6.43, 166.22, -10.19, 163.28, -13.12, 159.28, -15.16, 163.73, -19.31, 169.63, -22.1, 169.24, -26.21, 166.15, -30.17, 161.15, -30.23, 155.52, -27.11, 148.26, -21.13, 147.45, -28.06, 145.27, -29.03, 139.4, -29.12, 136.27, -27.09, 135.24, -25.14, 135.96, -7.87, 137.11, 7.97, 118.27, 7.95, 118.27, 3.95, 127.73, 3.97, 131.19, 3.9, 132.28, 2.06, 132.4, -1.04, 131.44, -3.61, 129.94, -6.22, 124.88, -6.6, 117.27, -6.01, 117.38, -16.08, 131.13, -16.06, 132.28, -17.39, 132.25, -23.5, 130.09, -27.04, 121.34, -27.09, 109.85, -26.14, 105.07, -24.03, 104.24, -18.47, 105.23, 0.36, 97.11, 0.08, 91.33, -13.95, 87.76, -21.53, 85.24, -24.1, 76.33, -24.13, 73.28, -21.21, 69.76, -10.54, 67.15, 2.81, 61.78, 2.18, 60.83, -5.62, 59.85, -9.5, 57.81, -14.56, 54.72, -18.43, 50.86, -21.52, 46.85, -23.49, 36.79, -23.57, 33.71, -21.6, 29.77, -19.34, 26.67, -15.06, 24.17, -9.68, 22.83, -3.38, 22.79, 2.61, -1.61, 3.31, -1.69, -0.05, -3.73, -2.02, -15.66, -2.09, -15.57, -12.07, -0.8, -12.04, 0.36, -13.14, 0.35, -21.22, -2.13, -23.05, -12.75, -23.06, -22.78, -23.07, -25.93, -21.51, -27.84, -18.53, -27.93, 2.1, -32.71, 2.08, -31.93, -12.24, -31.67, -21.13, -34.85, -23.61, -41.14, -23.67, -43.82, -22, -45.86, -15.78, -45.82, 0.93, -54.01, -9.07, -60.66, -9.07, -68.88, -0.2, -68.7, -7.14, -67.78, -22.23, -69.86, -24.01, -74.19, -25.04, -77.73, -24.21, -80.84, -20.19, -81.63, -5.12, -81.62, 2.87, -86.72, -1.02, -85.58, -6.81, -84.71, -13.15, -83.72, -21.97, -87.6, -25.2, -93.69, -25.09, -96.77, -21.09, -96.83, -18.06, -104.81, -18.05, -111.73, -18.08, -112.55, -23.4, -114.78, -26.09, -119.77, -26.15, -121.85, -22.96, -121.83, -12.78, -121.64, -6.14, -120.79, 0.9, -152.73, 0.74, -152.69, -9.07, -150.73, -13.11, -146.72, -17.05, -143.69, -17.03, -140.71, -15.12, -138.76, -12.06, -145.72, -12.1, -147.77, -10.64, -147.78, -4.09, -146.75, -3.04, -141.72, -2.05, -126.74, -2.12, -126.55, -6.5, -126.72, -11.07, -128.75, -11.11, -128.69, -17.06, -130.71, -22.04, -134.78, -26.02, -139.7, -29.08, -150.78, -29.04, -155.93, -26.42 ],
					"color": "ce3a3aff"
				}
			},
			"txt_1": {
				"txt_1": {
					"type": "mesh",
					"uvs": [ 1, 1, 0.92308, 1, 0.84615, 1, 0.76923, 1, 0.69231, 1, 0.61538, 1, 0.53846, 1, 0.46154, 1, 0.38462, 1, 0.30769, 1, 0.23077, 1, 0.15385, 1, 0.07692, 1, 0, 1, 0, 0, 0.07692, 0, 0.15385, 0, 0.23077, 0, 0.30769, 0, 0.38462, 0, 0.46154, 0, 0.53846, 0, 0.61538, 0, 0.69231, 0, 0.76923, 0, 0.84615, 0, 0.92308, 0, 1, 0 ],
					"triangles": [ 3, 24, 25, 2, 3, 25, 3, 4, 24, 11, 12, 16, 9, 18, 19, 10, 17, 18, 10, 11, 17, 12, 15, 16, 12, 13, 15, 13, 14, 15, 11, 16, 17, 9, 10, 18, 8, 9, 19, 8, 19, 20, 7, 8, 20, 7, 20, 21, 1, 26, 27, 6, 21, 22, 5, 6, 22, 5, 22, 23, 4, 5, 23, 6, 7, 21, 0, 1, 27, 1, 2, 26, 2, 25, 26, 4, 23, 24 ],
					"vertices": [ 1, 12, -36.9, -19.48, 1, 3, 12, -62.82, -19.48, 0.65408, 13, 351.15, -18.09, 0.0602, 11, 145.32, -31.07, 0.28571, 3, 12, -88.74, -19.48, 0.36571, 13, 325.22, -18.09, 0.06571, 11, 119.4, -31.07, 0.56858, 3, 12, -114.67, -19.48, 0.3848, 13, 299.3, -18.09, 0.1352, 11, 93.47, -31.07, 0.48, 3, 12, -140.59, -19.48, 0.3886, 13, 273.38, -18.09, 0.1914, 11, 67.55, -31.07, 0.42, 3, 12, -166.51, -19.48, 0.36491, 13, 247.45, -18.09, 0.22366, 11, 41.63, -31.07, 0.41143, 3, 12, -192.44, -19.48, 0.33711, 13, 221.53, -18.09, 0.25431, 11, 15.71, -31.07, 0.40857, 3, 12, -218.36, -19.48, 0.26104, 13, 195.61, -18.09, 0.33611, 11, -10.22, -31.07, 0.40286, 3, 12, -244.28, -19.48, 0.23033, 13, 169.68, -18.09, 0.36682, 11, -36.14, -31.07, 0.40286, 3, 12, -270.21, -19.48, 0.18283, 13, 143.76, -18.09, 0.35717, 11, -62.06, -31.07, 0.46, 3, 12, -296.13, -19.48, 0.13429, 13, 117.84, -18.09, 0.36571, 11, -87.99, -31.07, 0.5, 3, 12, -322.05, -19.48, 0.08864, 13, 91.91, -18.09, 0.41994, 11, -113.91, -31.07, 0.49143, 3, 12, -347.98, -19.48, 0.03131, 13, 65.99, -18.09, 0.36011, 11, -139.83, -31.07, 0.60857, 2, 13, 40.07, -18.09, 0.83143, 11, -165.76, -31.07, 0.16857, 1, 13, 40.07, 40.91, 1, 3, 12, -347.98, 39.52, 0.07566, 13, 65.99, 40.91, 0.87006, 11, -139.83, 27.93, 0.05429, 3, 12, -322.05, 39.52, 0.14042, 13, 91.91, 40.91, 0.66529, 11, -113.91, 27.93, 0.19429, 2, 12, -296.13, 39.52, 0.26857, 13, 117.84, 40.91, 0.73143, 3, 12, -270.21, 39.52, 0.27376, 13, 143.76, 40.91, 0.53481, 11, -62.06, 27.93, 0.19143, 3, 12, -244.28, 39.52, 0.35927, 13, 169.68, 40.91, 0.57216, 11, -36.14, 27.93, 0.06857, 3, 12, -218.36, 39.52, 0.40842, 13, 195.61, 40.91, 0.52587, 11, -10.22, 27.93, 0.06571, 3, 12, -192.44, 39.52, 0.46414, 13, 221.53, 40.91, 0.35014, 11, 15.71, 27.93, 0.18571, 3, 12, -166.51, 39.52, 0.53143, 13, 247.45, 40.91, 0.32571, 11, 41.63, 27.93, 0.14286, 3, 12, -140.59, 39.52, 0.51877, 13, 273.38, 40.91, 0.25551, 11, 67.55, 27.93, 0.22571, 3, 12, -114.67, 39.52, 0.35943, 13, 299.3, 40.91, 0.12629, 11, 93.47, 27.93, 0.51429, 3, 12, -88.74, 39.52, 0.53368, 13, 325.22, 40.91, 0.11489, 11, 119.4, 27.93, 0.35143, 3, 12, -62.82, 39.52, 0.66455, 13, 351.15, 40.91, 0.06117, 11, 145.32, 27.93, 0.27429, 1, 12, -36.9, 39.52, 1 ],
					"hull": 28,
					"edges": [ 0, 2, 2, 4, 4, 6, 6, 8, 8, 10, 10, 12, 12, 14, 14, 16, 16, 18, 18, 20, 20, 22, 22, 24, 24, 26, 26, 28, 28, 30, 30, 32, 32, 34, 34, 36, 36, 38, 38, 40, 40, 42, 42, 44, 44, 46, 46, 48, 48, 50, 50, 52, 52, 54, 54, 0 ],
					"width": 337,
					"height": 59
				}
			},
			"txt_2": {
				"txt_2": {
					"type": "mesh",
					"uvs": [ 1, 1, 0.92308, 1, 0.84615, 1, 0.76923, 1, 0.69231, 1, 0.61538, 1, 0.53846, 1, 0.46154, 1, 0.38462, 1, 0.30769, 1, 0.23077, 1, 0.15385, 1, 0.07692, 1, 0, 1, 0, 0, 0.07692, 0, 0.15385, 0, 0.23077, 0, 0.30769, 0, 0.38462, 0, 0.46154, 0, 0.53846, 0, 0.61538, 0, 0.69231, 0, 0.76923, 0, 0.84615, 0, 0.92308, 0, 1, 0 ],
					"triangles": [ 11, 12, 16, 2, 3, 25, 3, 24, 25, 3, 4, 24, 12, 15, 16, 11, 16, 17, 10, 11, 17, 9, 10, 18, 7, 8, 20, 7, 20, 21, 8, 19, 20, 8, 9, 19, 9, 18, 19, 10, 17, 18, 13, 14, 15, 12, 13, 15, 1, 2, 26, 5, 22, 23, 6, 7, 21, 6, 21, 22, 5, 6, 22, 4, 5, 23, 0, 1, 27, 1, 26, 27, 2, 25, 26, 4, 23, 24 ],
					"vertices": [ 1, 12, -32.9, -27.48, 1, 3, 12, -59.44, -27.48, 0.68343, 13, 354.53, -26.09, 0.05943, 11, 148.71, -39.07, 0.25714, 3, 12, -85.98, -27.48, 0.36283, 13, 327.99, -26.09, 0.07431, 11, 122.17, -39.07, 0.56286, 3, 12, -112.51, -27.48, 0.33829, 13, 301.45, -26.09, 0.11886, 11, 95.63, -39.07, 0.54286, 3, 12, -139.05, -27.48, 0.43454, 13, 274.91, -26.09, 0.21403, 11, 69.09, -39.07, 0.35143, 3, 12, -165.59, -27.48, 0.36491, 13, 248.38, -26.09, 0.22366, 11, 42.55, -39.07, 0.41143, 3, 12, -192.13, -27.48, 0.35666, 13, 221.84, -26.09, 0.26906, 11, 16.01, -39.07, 0.37429, 3, 12, -218.67, -27.48, 0.2752, 13, 195.3, -26.09, 0.3648, 11, -10.53, -39.07, 0.36, 3, 12, -245.21, -27.48, 0.25731, 13, 168.76, -26.09, 0.41983, 11, -37.06, -39.07, 0.32286, 3, 12, -271.74, -27.48, 0.2376, 13, 142.22, -26.09, 0.4824, 11, -63.6, -39.07, 0.28, 3, 12, -298.28, -27.48, 0.13669, 13, 115.68, -26.09, 0.38903, 11, -90.14, -39.07, 0.47429, 3, 12, -324.82, -27.48, 0.0748, 13, 89.15, -26.09, 0.3652, 11, -116.68, -39.07, 0.56, 3, 12, -351.36, -27.48, 0.02309, 13, 62.61, -26.09, 0.26549, 11, -143.22, -39.07, 0.71143, 2, 13, 36.07, -26.09, 0.75714, 11, -169.76, -39.07, 0.24286, 1, 13, 36.07, 43.91, 1, 3, 12, -351.36, 42.52, 0.0736, 13, 62.61, 43.91, 0.8464, 11, -143.22, 30.93, 0.08, 3, 12, -324.82, 42.52, 0.12969, 13, 89.15, 43.91, 0.63317, 11, -116.68, 30.93, 0.23714, 3, 12, -298.28, 42.52, 0.24811, 13, 115.68, 43.91, 0.70617, 11, -90.14, 30.93, 0.04571, 3, 12, -271.74, 42.52, 0.29323, 13, 142.22, 43.91, 0.59534, 11, -63.6, 30.93, 0.11143, 3, 12, -245.21, 42.52, 0.3724, 13, 168.76, 43.91, 0.6076, 11, -37.06, 30.93, 0.02, 2, 12, -218.67, 42.52, 0.43, 13, 195.3, 43.91, 0.57, 3, 12, -192.13, 42.52, 0.47066, 13, 221.84, 43.91, 0.35506, 11, 16.01, 30.93, 0.17429, 3, 12, -165.59, 42.52, 0.54383, 13, 248.38, 43.91, 0.33331, 11, 42.55, 30.93, 0.12286, 3, 12, -139.05, 42.52, 0.5762, 13, 274.91, 43.91, 0.2838, 11, 69.09, 30.93, 0.14, 3, 12, -112.51, 42.52, 0.3256, 13, 301.45, 43.91, 0.1144, 11, 95.63, 30.93, 0.56, 3, 12, -85.98, 42.52, 0.51934, 13, 327.99, 43.91, 0.10637, 11, 122.17, 30.93, 0.37429, 3, 12, -59.44, 42.52, 0.70183, 13, 354.53, 43.91, 0.06103, 11, 148.71, 30.93, 0.23714, 2, 12, -32.9, 42.52, 0.99714, 11, 175.24, 30.93, 0.00286 ],
					"hull": 28,
					"edges": [ 0, 2, 2, 4, 4, 6, 6, 8, 8, 10, 10, 12, 12, 14, 14, 16, 16, 18, 18, 20, 20, 22, 22, 24, 24, 26, 26, 28, 28, 30, 30, 32, 32, 34, 34, 36, 36, 38, 38, 40, 40, 42, 42, 44, 44, 46, 46, 48, 48, 50, 50, 52, 52, 54, 54, 0 ],
					"width": 345,
					"height": 70
				}
			},
			"wheat_leaves_R": {
				"wheat_leaves_R": {
					"type": "mesh",
					"uvs": [ 0.06308, 1, 0.32137, 0.98647, 0.41121, 0.90708, 0.41795, 0.78316, 0.41121, 0.6941, 0.41844, 0.60088, 0.43709, 0.52799, 0.50673, 0.47975, 0.59626, 0.42615, 0.72185, 0.35969, 0.84123, 0.32538, 0.9233, 0.27286, 1, 0.1825, 0.98807, 0.15141, 0.91346, 0.09996, 0.76673, 0.10103, 0.74932, 0.03135, 0.7145, 0, 0.63243, 0.01956, 0.47575, 0.07637, 0.36756, 0.13748, 0.25192, 0.20823, 0.14995, 0.30471, 0.08902, 0.41191, 0.03679, 0.53304, 0.00917, 0.64319, 0.00668, 0.74181, 0.02409, 0.85116, 0.25911, 0.90583, 0.21932, 0.77183, 0.22056, 0.61532, 0.27652, 0.47382, 0.38098, 0.35161, 0.522, 0.25246, 0.68241, 0.1935, 0.84531, 0.17634 ],
					"triangles": [ 28, 29, 3, 27, 29, 28, 2, 28, 3, 1, 28, 2, 0, 27, 28, 0, 28, 1, 35, 15, 14, 35, 14, 13, 12, 11, 35, 12, 35, 13, 10, 34, 35, 10, 35, 11, 18, 15, 34, 16, 18, 17, 15, 18, 16, 34, 15, 35, 19, 18, 34, 33, 19, 34, 9, 34, 10, 33, 34, 9, 20, 19, 33, 32, 20, 33, 8, 33, 9, 21, 20, 32, 22, 21, 32, 32, 33, 8, 7, 32, 8, 7, 6, 32, 31, 22, 32, 23, 22, 31, 6, 31, 32, 24, 23, 31, 5, 31, 6, 30, 24, 31, 30, 31, 5, 25, 24, 30, 4, 30, 5, 29, 25, 30, 29, 30, 4, 26, 25, 29, 29, 4, 3, 27, 26, 29 ],
					"vertices": [ 4, 3, -23.11, 21.94, 0.28734, 4, -50.93, 6.83, 0.05161, 5, -71.76, -12.89, 4.4E-4, 2, 6.6, 28.36, 0.66061, 5, 3, -23.48, -10.41, 0.20483, 4, -41.49, -24.1, 0.03768, 5, -54.36, -40.16, 0.00238, 6, -61.74, -58.01, 5.0E-5, 2, -4.48, -2.03, 0.75507, 6, 3, -12.81, -22.44, 0.21067, 4, -27.67, -32.34, 0.09164, 5, -38.85, -44.38, 0.01781, 6, -45.66, -58.1, 0.00188, 7, -50.31, -73.86, 3.0E-5, 2, 1.6, -16.92, 0.67798, 7, 3, 5.05, -24.57, 0.2521, 4, -10.01, -28.96, 0.18609, 5, -22.73, -36.39, 0.06468, 6, -32.14, -46.23, 0.01486, 7, -40.37, -58.86, 9.8E-4, 8, -46.19, -72.18, 0, 2, 17.75, -24.86, 0.48129, 7, 3, 18, -24.66, 0.25233, 4, 2.36, -25.13, 0.27059, 5, -11.85, -29.39, 0.14647, 6, -23.43, -36.66, 0.05884, 7, -34.48, -47.34, 0.0088, 8, -43.26, -59.58, 4.8E-4, 2, 29.92, -29.24, 0.26249, 8, 3, 31.41, -26.54, 0.18531, 4, 15.71, -22.86, 0.28689, 5, 0.4, -23.61, 0.23192, 6, -13.08, -27.92, 0.14253, 7, -26.77, -36.2, 0.04019, 8, -38.48, -46.9, 0.00589, 9, -42.32, -64.04, 6.0E-5, 2, 41.96, -35.45, 0.10721, 8, 3, 41.79, -29.63, 0.09588, 4, 26.53, -22.66, 0.22524, 5, 10.78, -20.52, 0.26551, 6, -3.86, -22.26, 0.23964, 7, -19.35, -28.32, 0.10316, 8, -33.18, -37.46, 0.03611, 9, -40.37, -53.4, 0.00477, 2, 50.72, -41.81, 0.02969, 8, 3, 48.14, -38.81, 0.03268, 4, 35.36, -29.49, 0.12658, 5, 21.12, -24.73, 0.22465, 6, 7.22, -23.67, 0.29037, 7, -8.29, -26.78, 0.18128, 8, -22.83, -33.29, 0.10455, 9, -31.92, -46.1, 0.03495, 2, 53.67, -52.58, 0.00494, 8, 3, 55.08, -50.54, 0.00598, 4, 45.53, -38.56, 0.04898, 5, 33.35, -30.74, 0.13698, 6, 20.59, -26.33, 0.25825, 7, 5.3, -25.84, 0.22428, 8, -9.86, -29.09, 0.20171, 9, -21.01, -37.93, 0.12351, 2, 56.33, -65.94, 3.1E-4, 8, 3, 63.56, -66.89, 4.9E-4, 4, 58.57, -51.57, 0.01099, 5, 49.39, -39.78, 0.05824, 6, 38.42, -30.93, 0.16586, 7, 23.72, -25.61, 0.20269, 8, 7.96, -24.41, 0.26797, 9, -5.66, -27.74, 0.29376, 2, 58.91, -84.18, 0, 7, 3, 67.45, -82.13, 0, 4, 66.89, -64.92, 0.00113, 5, 60.99, -50.41, 0.01506, 6, 52.36, -38.22, 0.07302, 7, 39.08, -28.99, 0.13027, 8, 23.68, -23.97, 0.2603, 9, 9.07, -22.23, 0.52021, 6, 4, 76.69, -73.12, 1.0E-5, 5, 72.63, -55.68, 0.00185, 6, 64.97, -40.31, 0.01967, 7, 51.8, -27.71, 0.05727, 8, 35.7, -19.66, 0.18037, 9, 19.05, -14.26, 0.74084, 5, 5, 88.74, -57.7, 1.0E-5, 6, 81.05, -38.11, 0.00197, 7, 66.74, -21.37, 0.01495, 8, 48.68, -9.89, 0.11266, 9, 28.16, -0.82, 0.87041, 4, 6, 83.26, -33.91, 4.0E-5, 7, 67.77, -16.74, 0.00162, 8, 48.55, -5.15, 0.13719, 9, 26.51, 3.63, 0.86115, 3, 7, 63.59, -5.55, 0.00118, 8, 41.79, 4.7, 0.29758, 9, 16.93, 10.75, 0.70125, 3, 7, 47.76, 3.72, 0.00685, 8, 24.19, 9.86, 0.53244, 9, -1.4, 9.94, 0.46071, 4, 6, 75.07, -0.34, 0.00138, 7, 51.07, 13.51, 0.04094, 8, 25.03, 20.16, 0.73027, 9, -3.93, 19.96, 0.22741, 5, 5, 94.54, -13.65, 2.0E-4, 6, 75.32, 5.94, 0.01663, 7, 49.67, 19.64, 0.12489, 8, 22.18, 25.77, 0.77921, 9, -8.44, 24.35, 0.07907, 5, 5, 87.08, -6.06, 0.00614, 6, 66.15, 11.36, 0.07185, 7, 39.4, 22.46, 0.25221, 8, 11.54, 26.03, 0.65462, 9, -18.6, 21.15, 0.01518, 6, 4, 91.34, -12.07, 6.3E-4, 5, 70.37, 7.06, 0.04058, 6, 46.62, 19.73, 0.17648, 7, 18.37, 25.43, 0.35094, 8, -9.59, 23.82, 0.43027, 9, -37.87, 12.22, 0.0011, 6, 4, 79.56, -0.99, 0.01157, 5, 56.05, 14.58, 0.12876, 6, 30.86, 23.31, 0.29454, 7, 2.21, 24.76, 0.3531, 8, -25.1, 19.25, 0.21193, 9, -51.07, 2.88, 1.0E-4, 6, 3, 89.7, -9.88, 0.00182, 4, 66.21, 10.67, 0.06121, 5, 40.07, 22.23, 0.26086, 6, 13.44, 26.59, 0.3478, 7, -15.46, 23.36, 0.25436, 8, -41.91, 13.62, 0.07396, 6, 3, 76.67, 3.84, 0.02027, 4, 49.64, 19.8, 0.16956, 5, 21.65, 26.58, 0.36896, 6, -5.48, 26.05, 0.2996, 7, -33.57, 17.88, 0.12689, 8, -58.16, 3.93, 0.01471, 7, 3, 61.71, 12.55, 0.08349, 4, 32.74, 23.58, 0.3149, 5, 4.36, 25.69, 0.37614, 6, -21.95, 20.74, 0.18291, 7, -48.08, 8.44, 0.03989, 8, -69.95, -8.75, 0.00108, 2, 83.51, -8.62, 0.00158, 6, 3, 44.66, 20.33, 0.20837, 4, 14.14, 25.83, 0.41255, 5, -14.17, 22.87, 0.27856, 6, -39.13, 13.24, 0.07595, 7, -62.69, -3.3, 0.00561, 2, 70, 4.37, 0.01897, 6, 3, 28.98, 24.93, 0.35438, 4, -2.19, 25.46, 0.39867, 5, -29.8, 18.13, 0.14348, 6, -53.02, 4.63, 0.01814, 7, -73.84, -15.24, 7.0E-5, 2, 56.73, 13.91, 0.08527, 5, 3, 14.74, 26.27, 0.43713, 4, -16.17, 22.42, 0.28035, 5, -42.46, 11.46, 0.04824, 6, -63.53, -5.07, 0.00151, 2, 43.74, 19.9, 0.23277, 4, 3, -1.23, 25.24, 0.39831, 4, -31.08, 16.61, 0.14151, 5, -55.26, 1.85, 0.00779, 2, 28.33, 24.22, 0.45239, 1, 2, 9.35, 0.44, 1, 1, 3, 8.48, 0.07, 1, 1, 4, 7.9, 0.71, 1, 1, 5, 7.89, 0.84, 1, 1, 6, 9.68, 0.54, 1, 1, 7, 10.24, 0.54, 1, 1, 8, 10.22, 0.08, 1, 2, 8, 30.43, -3.44, 0.00662, 9, 8.81, -0.62, 0.99338 ],
					"hull": 28,
					"edges": [ 0, 2, 2, 4, 4, 6, 6, 8, 8, 10, 10, 12, 12, 14, 14, 16, 16, 18, 18, 20, 20, 22, 22, 24, 24, 26, 26, 28, 28, 30, 30, 32, 32, 34, 34, 36, 36, 38, 38, 40, 40, 42, 42, 44, 44, 46, 46, 48, 48, 50, 50, 52, 52, 54, 0, 54 ],
					"width": 125,
					"height": 145
				}
			},
			"wheat_leaves_R2": {
				"wheat_leaves_R": {
					"type": "mesh",
					"uvs": [ 0.06308, 1, 0.32137, 0.98647, 0.41121, 0.90708, 0.41795, 0.78316, 0.41121, 0.6941, 0.41844, 0.60088, 0.43709, 0.52799, 0.50673, 0.47975, 0.59626, 0.42615, 0.72185, 0.35969, 0.84123, 0.32538, 0.9233, 0.27286, 1, 0.1825, 0.98807, 0.15141, 0.91346, 0.09996, 0.76673, 0.10103, 0.74932, 0.03135, 0.7145, 0, 0.63243, 0.01956, 0.47575, 0.07637, 0.36756, 0.13748, 0.25192, 0.20823, 0.14995, 0.30471, 0.08902, 0.41191, 0.03679, 0.53304, 0.00917, 0.64319, 0.00668, 0.74181, 0.02409, 0.85116, 0.25911, 0.90583, 0.21932, 0.77183, 0.22056, 0.61532, 0.27652, 0.47382, 0.38098, 0.35161, 0.522, 0.25246, 0.68241, 0.1935, 0.84531, 0.17634 ],
					"triangles": [ 28, 29, 3, 27, 29, 28, 2, 28, 3, 1, 28, 2, 0, 27, 28, 0, 28, 1, 35, 15, 14, 35, 14, 13, 12, 11, 35, 12, 35, 13, 10, 34, 35, 10, 35, 11, 18, 15, 34, 16, 18, 17, 15, 18, 16, 34, 15, 35, 19, 18, 34, 33, 19, 34, 9, 34, 10, 33, 34, 9, 20, 19, 33, 32, 20, 33, 8, 33, 9, 21, 20, 32, 22, 21, 32, 32, 33, 8, 7, 32, 8, 7, 6, 32, 31, 22, 32, 23, 22, 31, 6, 31, 32, 24, 23, 31, 5, 31, 6, 30, 24, 31, 30, 31, 5, 25, 24, 30, 4, 30, 5, 29, 25, 30, 29, 30, 4, 26, 25, 29, 29, 4, 3, 27, 26, 29 ],
					"vertices": [ 4, 21, -23.11, 21.94, 0.28734, 22, -50.93, 6.83, 0.05161, 23, -71.76, -12.89, 4.4E-4, 20, 6.6, 28.36, 0.66061, 5, 21, -23.48, -10.41, 0.20483, 22, -41.49, -24.1, 0.03768, 23, -54.36, -40.16, 0.00238, 24, -61.74, -58.01, 5.0E-5, 20, -4.48, -2.03, 0.75507, 6, 21, -12.81, -22.44, 0.21067, 22, -27.67, -32.34, 0.09164, 23, -38.85, -44.38, 0.01781, 24, -45.66, -58.1, 0.00188, 25, -50.31, -73.86, 3.0E-5, 20, 1.6, -16.92, 0.67798, 7, 21, 5.05, -24.57, 0.2521, 22, -10.01, -28.96, 0.18609, 23, -22.73, -36.39, 0.06468, 24, -32.14, -46.23, 0.01486, 25, -40.37, -58.86, 9.8E-4, 26, -46.19, -72.18, 0, 20, 17.75, -24.86, 0.48129, 7, 21, 18, -24.66, 0.25233, 22, 2.36, -25.13, 0.27059, 23, -11.85, -29.39, 0.14647, 24, -23.43, -36.66, 0.05884, 25, -34.48, -47.34, 0.0088, 26, -43.26, -59.58, 4.8E-4, 20, 29.92, -29.24, 0.26249, 8, 21, 31.41, -26.54, 0.18531, 22, 15.71, -22.86, 0.28689, 23, 0.4, -23.61, 0.23192, 24, -13.08, -27.92, 0.14253, 25, -26.77, -36.2, 0.04019, 26, -38.48, -46.9, 0.00589, 27, -42.32, -64.04, 6.0E-5, 20, 41.96, -35.45, 0.10721, 8, 21, 41.79, -29.63, 0.09588, 22, 26.53, -22.66, 0.22524, 23, 10.78, -20.52, 0.26551, 24, -3.86, -22.26, 0.23964, 25, -19.35, -28.32, 0.10316, 26, -33.18, -37.46, 0.03611, 27, -40.37, -53.4, 0.00477, 20, 50.72, -41.81, 0.02969, 8, 21, 48.14, -38.81, 0.03268, 22, 35.36, -29.49, 0.12658, 23, 21.12, -24.73, 0.22465, 24, 7.22, -23.67, 0.29037, 25, -8.29, -26.78, 0.18128, 26, -22.83, -33.29, 0.10455, 27, -31.92, -46.1, 0.03495, 20, 53.67, -52.58, 0.00494, 8, 21, 55.08, -50.54, 0.00598, 22, 45.53, -38.56, 0.04898, 23, 33.35, -30.74, 0.13698, 24, 20.59, -26.33, 0.25825, 25, 5.3, -25.84, 0.22428, 26, -9.86, -29.09, 0.20171, 27, -21.01, -37.93, 0.12351, 20, 56.33, -65.94, 3.1E-4, 8, 21, 63.56, -66.89, 4.9E-4, 22, 58.57, -51.57, 0.01099, 23, 49.39, -39.78, 0.05824, 24, 38.42, -30.93, 0.16586, 25, 23.72, -25.61, 0.20269, 26, 7.96, -24.41, 0.26797, 27, -5.66, -27.74, 0.29376, 20, 58.91, -84.18, 0, 7, 21, 67.45, -82.13, 0, 22, 66.89, -64.92, 0.00113, 23, 60.99, -50.41, 0.01506, 24, 52.36, -38.22, 0.07302, 25, 39.08, -28.99, 0.13027, 26, 23.68, -23.97, 0.2603, 27, 9.07, -22.23, 0.52021, 6, 22, 76.69, -73.12, 1.0E-5, 23, 72.63, -55.68, 0.00185, 24, 64.97, -40.31, 0.01967, 25, 51.8, -27.71, 0.05727, 26, 35.7, -19.66, 0.18037, 27, 19.05, -14.26, 0.74084, 5, 23, 88.74, -57.7, 1.0E-5, 24, 81.05, -38.11, 0.00197, 25, 66.74, -21.37, 0.01495, 26, 48.68, -9.89, 0.11266, 27, 28.16, -0.82, 0.87041, 4, 24, 83.26, -33.91, 4.0E-5, 25, 67.77, -16.74, 0.00162, 26, 48.55, -5.15, 0.13719, 27, 26.51, 3.63, 0.86115, 3, 25, 63.59, -5.55, 0.00118, 26, 41.79, 4.7, 0.29758, 27, 16.93, 10.75, 0.70125, 3, 25, 47.76, 3.72, 0.00685, 26, 24.19, 9.86, 0.53244, 27, -1.4, 9.94, 0.46071, 4, 24, 75.07, -0.34, 0.00138, 25, 51.07, 13.51, 0.04094, 26, 25.03, 20.16, 0.73027, 27, -3.93, 19.96, 0.22741, 5, 23, 94.54, -13.65, 2.0E-4, 24, 75.32, 5.94, 0.01663, 25, 49.67, 19.64, 0.12489, 26, 22.18, 25.77, 0.77921, 27, -8.44, 24.35, 0.07907, 5, 23, 87.08, -6.06, 0.00614, 24, 66.15, 11.36, 0.07185, 25, 39.4, 22.46, 0.25221, 26, 11.54, 26.03, 0.65462, 27, -18.6, 21.15, 0.01518, 6, 22, 91.34, -12.07, 6.3E-4, 23, 70.37, 7.06, 0.04058, 24, 46.62, 19.73, 0.17648, 25, 18.37, 25.43, 0.35094, 26, -9.59, 23.82, 0.43027, 27, -37.87, 12.22, 0.0011, 6, 22, 79.56, -0.99, 0.01157, 23, 56.05, 14.58, 0.12876, 24, 30.86, 23.31, 0.29454, 25, 2.21, 24.76, 0.3531, 26, -25.1, 19.25, 0.21193, 27, -51.07, 2.88, 1.0E-4, 6, 21, 89.7, -9.88, 0.00182, 22, 66.21, 10.67, 0.06121, 23, 40.07, 22.23, 0.26086, 24, 13.44, 26.59, 0.3478, 25, -15.46, 23.36, 0.25436, 26, -41.91, 13.62, 0.07396, 6, 21, 76.67, 3.84, 0.02027, 22, 49.64, 19.8, 0.16956, 23, 21.65, 26.58, 0.36896, 24, -5.48, 26.05, 0.2996, 25, -33.57, 17.88, 0.12689, 26, -58.16, 3.93, 0.01471, 7, 21, 61.71, 12.55, 0.08349, 22, 32.74, 23.58, 0.3149, 23, 4.36, 25.69, 0.37614, 24, -21.95, 20.74, 0.18291, 25, -48.08, 8.44, 0.03989, 26, -69.95, -8.75, 0.00108, 20, 83.51, -8.62, 0.00158, 6, 21, 44.66, 20.33, 0.20837, 22, 14.14, 25.83, 0.41255, 23, -14.17, 22.87, 0.27856, 24, -39.13, 13.24, 0.07595, 25, -62.69, -3.3, 0.00561, 20, 70, 4.37, 0.01897, 6, 21, 28.98, 24.93, 0.35438, 22, -2.19, 25.46, 0.39867, 23, -29.8, 18.13, 0.14348, 24, -53.02, 4.63, 0.01814, 25, -73.84, -15.24, 7.0E-5, 20, 56.73, 13.91, 0.08527, 5, 21, 14.74, 26.27, 0.43713, 22, -16.17, 22.42, 0.28035, 23, -42.46, 11.46, 0.04824, 24, -63.53, -5.07, 0.00151, 20, 43.74, 19.9, 0.23277, 4, 21, -1.23, 25.24, 0.39831, 22, -31.08, 16.61, 0.14151, 23, -55.26, 1.85, 0.00779, 20, 28.33, 24.22, 0.45239, 1, 20, 9.35, 0.44, 1, 1, 21, 8.48, 0.07, 1, 1, 22, 7.9, 0.71, 1, 1, 23, 7.89, 0.84, 1, 1, 24, 9.68, 0.54, 1, 1, 25, 10.24, 0.54, 1, 1, 26, 10.22, 0.08, 1, 2, 26, 30.43, -3.44, 0.00662, 27, 8.81, -0.62, 0.99338 ],
					"hull": 28,
					"edges": [ 0, 2, 2, 4, 4, 6, 6, 8, 8, 10, 10, 12, 12, 14, 14, 16, 16, 18, 18, 20, 20, 22, 22, 24, 24, 26, 26, 28, 28, 30, 30, 32, 32, 34, 34, 36, 36, 38, 38, 40, 40, 42, 42, 44, 44, 46, 46, 48, 48, 50, 50, 52, 52, 54, 0, 54 ],
					"width": 125,
					"height": 145
				}
			}
		}
	}
],
"animations": {
	"Idle": {
		"bones": {
			"All2": {
				"rotate": [
					{
						"value": 0.18,
						"curve": [ 0.36, 0.85, 0.71, 3.29 ]
					},
					{
						"time": 1.0667,
						"value": 3.29,
						"curve": [ 1.479, 3.29, 1.887, 0 ]
					},
					{
						"time": 2.3,
						"curve": [ 2.356, 0, 2.414, 0.07 ]
					},
					{ "time": 2.4667, "value": 0.18 }
				]
			},
			"All3": {
				"rotate": [
					{
						"curve": [ 0.413, 0, 0.821, 3.29 ]
					},
					{
						"time": 1.2333,
						"value": 3.29,
						"curve": [ 1.646, 3.29, 2.054, 0 ]
					},
					{ "time": 2.4667 }
				]
			},
			"All4": {
				"rotate": [
					{
						"value": 0.18,
						"curve": [ 0.058, 0.08, 0.113, 0 ]
					},
					{
						"time": 0.1667,
						"curve": [ 0.579, 0, 0.987, 3.29 ]
					},
					{
						"time": 1.4,
						"value": 3.29,
						"curve": [ 1.759, 3.29, 2.112, 0.82 ]
					},
					{ "time": 2.4667, "value": 0.18 }
				]
			},
			"All5": {
				"rotate": [
					{
						"value": 0.59,
						"curve": [ 0.113, 0.25, 0.225, 0 ]
					},
					{
						"time": 0.3333,
						"curve": [ 0.746, 0, 1.154, 3.29 ]
					},
					{
						"time": 1.5667,
						"value": 3.29,
						"curve": [ 1.871, 3.29, 2.167, 1.53 ]
					},
					{ "time": 2.4667, "value": 0.59 }
				]
			},
			"All6": {
				"rotate": [
					{
						"value": 1.32,
						"curve": [ 0.182, 0.63, 0.356, 0 ]
					},
					{
						"time": 0.5333,
						"curve": [ 0.946, 0, 1.387, 3.29 ]
					},
					{
						"time": 1.8,
						"value": 3.29,
						"curve": [ 2.035, 3.29, 2.236, 2.24 ]
					},
					{ "time": 2.4667, "value": 1.32 }
				]
			},
			"All7": {
				"rotate": [
					{
						"value": 2.13,
						"curve": [ 0.25, 1.19, 0.52, 0 ]
					},
					{
						"time": 0.7667,
						"curve": [ 1.179, 0, 1.587, 3.29 ]
					},
					{
						"time": 2,
						"value": 3.29,
						"curve": [ 2.166, 3.29, 2.304, 2.77 ]
					},
					{ "time": 2.4667, "value": 2.13 }
				]
			},
			"All8": {
				"rotate": [
					{
						"value": 2.83,
						"curve": [ 0.319, 1.92, 0.652, 0 ]
					},
					{
						"time": 0.9667,
						"curve": [ 1.379, 0, 1.787, 3.29 ]
					},
					{
						"time": 2.2,
						"value": 3.29,
						"curve": [ 2.298, 3.29, 2.373, 3.11 ]
					},
					{ "time": 2.4667, "value": 2.83 }
				]
			},
			"All9": {
				"rotate": [
					{
						"value": 3.23,
						"curve": [ 0.388, 2.83, 0.783, 0 ]
					},
					{
						"time": 1.1667,
						"curve": [ 1.579, 0, 1.987, 3.29 ]
					},
					{
						"time": 2.4,
						"value": 3.29,
						"curve": [ 2.429, 3.29, 2.442, 3.26 ]
					},
					{ "time": 2.4667, "value": 3.23 }
				]
			},
			"All10": {
				"translate": [
					{
						"curve": [ 0.411, 0, 0.822, 0, 0.411, 0, 0.822, 2.77 ]
					},
					{
						"time": 1.2333,
						"y": 2.77,
						"curve": [ 1.644, 0, 2.056, 0, 1.644, 2.77, 2.056, 0 ]
					},
					{ "time": 2.4667 }
				],
				"scale": [
					{
						"curve": [ 0.411, 1, 0.822, 2.051, 0.411, 1, 0.822, 2.051 ]
					},
					{
						"time": 1.2333,
						"x": 2.051,
						"y": 2.051,
						"curve": [ 1.644, 2.051, 2.056, 1, 1.644, 2.051, 2.056, 1 ]
					},
					{ "time": 2.4667 }
				]
			},
			"All11": {
				"translate": [
					{
						"curve": [ 0.413, 0, 0.821, 0, 0.413, 0, 0.821, 13.04 ]
					},
					{
						"time": 1.2333,
						"y": 13.04,
						"curve": [ 1.646, 0, 2.054, 0, 1.646, 13.04, 2.054, 0 ]
					},
					{ "time": 2.4667 }
				],
				"scale": [
					{
						"x": 1.002,
						"y": 1.002,
						"curve": [ 0.044, 1.001, 0.093, 1, 0.044, 1.001, 0.093, 1 ]
					},
					{
						"time": 0.1333,
						"curve": [ 0.546, 1, 0.954, 1.072, 0.546, 1, 0.954, 1.085 ]
					},
					{
						"time": 1.3667,
						"x": 1.072,
						"y": 1.085,
						"curve": [ 1.739, 1.072, 2.098, 1.013, 1.739, 1.085, 2.098, 1.013 ]
					},
					{ "time": 2.4667, "x": 1.002, "y": 1.002 }
				]
			},
			"All12": {
				"rotate": [
					{
						"value": -0.18,
						"curve": [ 0.374, -1.25, 0.73, -6.44 ]
					},
					{
						"time": 1.1,
						"value": -6.44,
						"curve": [ 1.513, -6.44, 1.954, 0 ]
					},
					{
						"time": 2.3667,
						"curve": [ 2.409, 0, 2.428, -0.06 ]
					},
					{ "time": 2.4667, "value": -0.18 }
				],
				"translate": [
					{
						"y": 0.16,
						"curve": [ 0.333, 0, 0.671, 0, 0.333, 0.56, 0.671, 1.55 ]
					},
					{
						"time": 1,
						"y": 1.55,
						"curve": [ 1.413, 0, 1.821, 0, 1.413, 1.55, 1.821, 0 ]
					},
					{
						"time": 2.2333,
						"curve": [ 2.317, 0, 2.387, 0, 2.317, 0, 2.387, 0.06 ]
					},
					{ "time": 2.4667, "y": 0.16 }
				],
				"scale": [
					{
						"x": 0.998,
						"y": 0.998,
						"curve": [ 0.374, 0.986, 0.73, 0.93, 0.374, 0.986, 0.73, 0.93 ]
					},
					{
						"time": 1.1,
						"x": 0.93,
						"y": 0.93,
						"curve": [ 1.513, 0.93, 1.954, 1, 1.513, 0.93, 1.954, 1 ]
					},
					{
						"time": 2.3667,
						"curve": [ 2.409, 1, 2.428, 0.999, 2.409, 1, 2.428, 0.999 ]
					},
					{ "time": 2.4667, "x": 0.998, "y": 0.998 }
				]
			},
			"All13": {
				"rotate": [
					{
						"value": 0.15,
						"curve": [ 0.374, 1.07, 0.73, 5.53 ]
					},
					{
						"time": 1.1,
						"value": 5.53,
						"curve": [ 1.513, 5.53, 1.954, 0 ]
					},
					{
						"time": 2.3667,
						"curve": [ 2.409, 0, 2.428, 0.05 ]
					},
					{ "time": 2.4667, "value": 0.15 }
				],
				"translate": [
					{
						"y": 0.16,
						"curve": [ 0.333, 0, 0.671, 0, 0.333, 0.56, 0.671, 1.55 ]
					},
					{
						"time": 1,
						"y": 1.55,
						"curve": [ 1.413, 0, 1.821, 0, 1.413, 1.55, 1.821, 0 ]
					},
					{
						"time": 2.2333,
						"curve": [ 2.317, 0, 2.387, 0, 2.317, 0, 2.387, 0.06 ]
					},
					{ "time": 2.4667, "y": 0.16 }
				],
				"scale": [
					{
						"x": 0.998,
						"y": 0.998,
						"curve": [ 0.374, 0.986, 0.73, 0.93, 0.374, 0.986, 0.73, 0.93 ]
					},
					{
						"time": 1.1,
						"x": 0.93,
						"y": 0.93,
						"curve": [ 1.513, 0.93, 1.954, 1, 1.513, 0.93, 1.954, 1 ]
					},
					{
						"time": 2.3667,
						"curve": [ 2.409, 1, 2.428, 0.999, 2.409, 1, 2.428, 0.999 ]
					},
					{ "time": 2.4667, "x": 0.998, "y": 0.998 }
				]
			},
			"All14": {
				"rotate": [
					{
						"curve": [ 0.413, 0, 0.821, 4.12 ]
					},
					{
						"time": 1.2333,
						"value": 4.12,
						"curve": [ 1.646, 4.12, 2.054, 0 ]
					},
					{ "time": 2.4667 }
				],
				"translate": [
					{
						"y": 0.13,
						"curve": [ 0.374, 0, 0.73, 0, 0.374, 0.9, 0.73, 4.66 ]
					},
					{
						"time": 1.1,
						"y": 4.66,
						"curve": [ 1.513, 0, 1.954, 0, 1.513, 4.66, 1.954, 0 ]
					},
					{
						"time": 2.3667,
						"curve": [ 2.409, 0, 2.428, 0, 2.409, 0, 2.428, 0.04 ]
					},
					{ "time": 2.4667, "y": 0.13 }
				],
				"scale": [
					{
						"curve": [ 0.413, 1, 0.821, 0.93, 0.413, 1, 0.821, 0.93 ]
					},
					{
						"time": 1.2333,
						"x": 0.93,
						"y": 0.93,
						"curve": [ 1.646, 0.93, 2.054, 1, 1.646, 0.93, 2.054, 1 ]
					},
					{ "time": 2.4667 }
				]
			},
			"All15": {
				"rotate": [
					{
						"value": -2.38,
						"curve": [ 0.058, -2.46, 0.113, -2.52 ]
					},
					{
						"time": 0.1667,
						"value": -2.52,
						"curve": [ 0.579, -2.52, 0.987, 0 ]
					},
					{
						"time": 1.4,
						"curve": [ 1.759, 0, 2.112, -1.89 ]
					},
					{ "time": 2.4667, "value": -2.38 }
				],
				"translate": [
					{
						"x": 0.14,
						"y": 0.04,
						"curve": [ 0.058, 0.06, 0.113, 0, 0.058, 0.02, 0.113, 0 ]
					},
					{
						"time": 0.1667,
						"curve": [ 0.579, 0, 0.987, 2.63, 0.579, 0, 0.987, 0.66 ]
					},
					{
						"time": 1.4,
						"x": 2.63,
						"y": 0.66,
						"curve": [ 1.759, 2.63, 2.112, 0.66, 1.759, 0.66, 2.112, 0.16 ]
					},
					{ "time": 2.4667, "x": 0.14, "y": 0.04 }
				],
				"scale": [
					{
						"x": 0.924,
						"curve": [ 0.058, 0.922, 0.113, 0.92, 0.058, 1, 0.113, 1 ]
					},
					{
						"time": 0.1667,
						"x": 0.92,
						"curve": [ 0.579, 0.92, 0.987, 1, 0.579, 1, 0.987, 1 ]
					},
					{
						"time": 1.4,
						"curve": [ 1.759, 1, 2.112, 0.94, 1.759, 1, 2.112, 1 ]
					},
					{ "time": 2.4667, "x": 0.924 }
				],
				"shear": [
					{
						"x": -5.47,
						"curve": [ 0.058, -5.84, 0.113, -6.15, 0.058, 0, 0.113, 0 ]
					},
					{
						"time": 0.1667,
						"x": -6.15,
						"curve": [ 0.579, -6.15, 0.987, 6.46, 0.579, 0, 0.987, 0 ]
					},
					{
						"time": 1.4,
						"x": 6.46,
						"curve": [ 1.759, 6.46, 2.112, -2.99, 1.759, 0, 2.112, 0 ]
					},
					{ "time": 2.4667, "x": -5.47 }
				]
			},
			"All16": {
				"rotate": [
					{
						"value": -2.07,
						"curve": [ 0.113, -2.32, 0.225, -2.52 ]
					},
					{
						"time": 0.3333,
						"value": -2.52,
						"curve": [ 0.746, -2.52, 1.154, 0 ]
					},
					{
						"time": 1.5667,
						"curve": [ 1.871, 0, 2.167, -1.35 ]
					},
					{ "time": 2.4667, "value": -2.07 }
				],
				"translate": [
					{
						"x": 0.68,
						"y": 0.09,
						"curve": [ 0.113, 0.29, 0.225, 0, 0.113, 0.04, 0.225, 0 ]
					},
					{
						"time": 0.3333,
						"curve": [ 0.746, 0, 1.154, 3.79, 0.746, 0, 1.154, 0.49 ]
					},
					{
						"time": 1.5667,
						"x": 3.79,
						"y": 0.49,
						"curve": [ 1.871, 3.79, 2.167, 1.76, 1.871, 0.49, 2.167, 0.23 ]
					},
					{ "time": 2.4667, "x": 0.68, "y": 0.09 }
				],
				"scale": [
					{
						"x": 0.912,
						"curve": [ 0.113, 0.901, 0.225, 0.892, 0.113, 1, 0.225, 1 ]
					},
					{
						"time": 0.3333,
						"x": 0.892,
						"curve": [ 0.746, 0.892, 1.154, 1, 0.746, 1, 1.154, 1 ]
					},
					{
						"time": 1.5667,
						"curve": [ 1.871, 1, 2.167, 0.942, 1.871, 1, 2.167, 1 ]
					},
					{ "time": 2.4667, "x": 0.912 }
				],
				"shear": [
					{
						"x": -3.59,
						"y": 6.21,
						"curve": [ 0.113, -4.4, 0.225, -5, 0.113, 6.98, 0.225, 7.56 ]
					},
					{
						"time": 0.3333,
						"x": -5,
						"y": 7.56,
						"curve": [ 0.746, -5, 1.154, 2.93, 0.746, 7.56, 1.154, 0 ]
					},
					{
						"time": 1.5667,
						"x": 2.93,
						"curve": [ 1.871, 2.93, 2.167, -1.32, 1.871, 0, 2.167, 4.05 ]
					},
					{ "time": 2.4667, "x": -3.59, "y": 6.21 }
				]
			},
			"All17": {
				"rotate": [
					{
						"curve": [ 0.413, 0, 0.821, -4.6 ]
					},
					{
						"time": 1.2333,
						"value": -4.6,
						"curve": [ 1.646, -4.6, 2.054, 0 ]
					},
					{ "time": 2.4667 }
				],
				"translate": [
					{
						"y": 0.09,
						"curve": [ 0.374, 0, 0.73, 0, 0.374, 0.6, 0.73, 3.11 ]
					},
					{
						"time": 1.1,
						"y": 3.11,
						"curve": [ 1.513, 0, 1.954, 0, 1.513, 3.11, 1.954, 0 ]
					},
					{
						"time": 2.3667,
						"curve": [ 2.409, 0, 2.428, 0, 2.409, 0, 2.428, 0.03 ]
					},
					{ "time": 2.4667, "y": 0.09 }
				],
				"scale": [
					{
						"curve": [ 0.413, 1, 0.821, 0.93, 0.413, 1, 0.821, 0.93 ]
					},
					{
						"time": 1.2333,
						"x": 0.93,
						"y": 0.93,
						"curve": [ 1.646, 0.93, 2.054, 1, 1.646, 0.93, 2.054, 1 ]
					},
					{ "time": 2.4667 }
				]
			},
			"All18": {
				"rotate": [
					{
						"value": 0.66,
						"curve": [ 0.058, 0.7, 0.113, 0.74 ]
					},
					{
						"time": 0.1667,
						"value": 0.74,
						"curve": [ 0.579, 0.74, 0.987, -0.62 ]
					},
					{
						"time": 1.4,
						"value": -0.62,
						"curve": [ 1.759, -0.62, 2.112, 0.4 ]
					},
					{ "time": 2.4667, "value": 0.66 }
				],
				"scale": [
					{
						"x": 0.977,
						"curve": [ 0.058, 0.976, 0.113, 0.976, 0.058, 1, 0.113, 1 ]
					},
					{
						"time": 0.1667,
						"x": 0.976,
						"curve": [ 0.579, 0.976, 0.987, 1, 0.579, 1, 0.987, 1 ]
					},
					{
						"time": 1.4,
						"curve": [ 1.759, 1, 2.112, 0.982, 1.759, 1, 2.112, 1 ]
					},
					{ "time": 2.4667, "x": 0.977 }
				],
				"shear": [
					{
						"x": 3.15,
						"y": 5.8,
						"curve": [ 0.058, 3.41, 0.113, 3.63, 0.058, 6.01, 0.113, 6.18 ]
					},
					{
						"time": 0.1667,
						"x": 3.63,
						"y": 6.18,
						"curve": [ 0.579, 3.63, 0.987, -5.26, 0.579, 6.18, 0.987, -0.9 ]
					},
					{
						"time": 1.4,
						"x": -5.26,
						"y": -0.9,
						"curve": [ 1.759, -5.26, 2.112, 1.4, 1.759, -0.9, 2.112, 4.41 ]
					},
					{ "time": 2.4667, "x": 3.15, "y": 5.8 }
				]
			},
			"All19": {
				"rotate": [
					{
						"value": 0.49,
						"curve": [ 0.113, 0.63, 0.225, 0.74 ]
					},
					{
						"time": 0.3333,
						"value": 0.74,
						"curve": [ 0.746, 0.74, 1.154, -0.62 ]
					},
					{
						"time": 1.5667,
						"value": -0.62,
						"curve": [ 1.871, -0.62, 2.167, 0.1 ]
					},
					{ "time": 2.4667, "value": 0.49 }
				],
				"translate": [
					{
						"x": 0.28,
						"curve": [ 0.113, 0.12, 0.225, 0, 0.113, 0, 0.225, 0 ]
					},
					{
						"time": 0.3333,
						"curve": [ 0.746, 0, 1.154, 1.55, 0.746, 0, 1.154, 0 ]
					},
					{
						"time": 1.5667,
						"x": 1.55,
						"curve": [ 1.871, 1.55, 2.167, 0.72, 1.871, 0, 2.167, 0 ]
					},
					{ "time": 2.4667, "x": 0.28 }
				],
				"scale": [
					{
						"x": 0.964,
						"curve": [ 0.113, 0.959, 0.225, 0.956, 0.113, 1, 0.225, 1 ]
					},
					{
						"time": 0.3333,
						"x": 0.956,
						"curve": [ 0.746, 0.956, 1.154, 1, 0.746, 1, 1.154, 1 ]
					},
					{
						"time": 1.5667,
						"curve": [ 1.871, 1, 2.167, 0.976, 1.871, 1, 2.167, 1 ]
					},
					{ "time": 2.4667, "x": 0.964 }
				],
				"shear": [
					{
						"x": 3.9,
						"y": 0.3,
						"curve": [ 0.113, 4.78, 0.225, 5.44, 0.113, 0.49, 0.225, 0.63 ]
					},
					{
						"time": 0.3333,
						"x": 5.44,
						"y": 0.63,
						"curve": [ 0.746, 5.44, 1.154, -3.21, 0.746, 0.63, 1.154, -1.24 ]
					},
					{
						"time": 1.5667,
						"x": -3.21,
						"y": -1.24,
						"curve": [ 1.871, -3.21, 2.167, 1.42, 1.871, -1.24, 2.167, -0.24 ]
					},
					{ "time": 2.4667, "x": 3.9, "y": 0.3 }
				]
			},
			"All27": {
				"rotate": [
					{
						"value": 3.23,
						"curve": [ 0.388, 2.83, 0.783, 0 ]
					},
					{
						"time": 1.1667,
						"curve": [ 1.579, 0, 1.987, 3.29 ]
					},
					{
						"time": 2.4,
						"value": 3.29,
						"curve": [ 2.429, 3.29, 2.442, 3.26 ]
					},
					{ "time": 2.4667, "value": 3.23 }
				]
			},
			"All26": {
				"rotate": [
					{
						"value": 2.83,
						"curve": [ 0.319, 1.92, 0.652, 0 ]
					},
					{
						"time": 0.9667,
						"curve": [ 1.379, 0, 1.787, 3.29 ]
					},
					{
						"time": 2.2,
						"value": 3.29,
						"curve": [ 2.298, 3.29, 2.373, 3.11 ]
					},
					{ "time": 2.4667, "value": 2.83 }
				]
			},
			"All25": {
				"rotate": [
					{
						"value": 2.13,
						"curve": [ 0.25, 1.19, 0.52, 0 ]
					},
					{
						"time": 0.7667,
						"curve": [ 1.179, 0, 1.587, 3.29 ]
					},
					{
						"time": 2,
						"value": 3.29,
						"curve": [ 2.166, 3.29, 2.304, 2.77 ]
					},
					{ "time": 2.4667, "value": 2.13 }
				]
			},
			"All24": {
				"rotate": [
					{
						"value": 1.32,
						"curve": [ 0.182, 0.63, 0.356, 0 ]
					},
					{
						"time": 0.5333,
						"curve": [ 0.946, 0, 1.387, 3.29 ]
					},
					{
						"time": 1.8,
						"value": 3.29,
						"curve": [ 2.035, 3.29, 2.236, 2.24 ]
					},
					{ "time": 2.4667, "value": 1.32 }
				]
			},
			"All23": {
				"rotate": [
					{
						"value": 0.59,
						"curve": [ 0.113, 0.25, 0.225, 0 ]
					},
					{
						"time": 0.3333,
						"curve": [ 0.746, 0, 1.154, 3.29 ]
					},
					{
						"time": 1.5667,
						"value": 3.29,
						"curve": [ 1.871, 3.29, 2.167, 1.53 ]
					},
					{ "time": 2.4667, "value": 0.59 }
				]
			},
			"All22": {
				"rotate": [
					{
						"value": 0.18,
						"curve": [ 0.058, 0.08, 0.113, 0 ]
					},
					{
						"time": 0.1667,
						"curve": [ 0.579, 0, 0.987, 3.29 ]
					},
					{
						"time": 1.4,
						"value": 3.29,
						"curve": [ 1.759, 3.29, 2.112, 0.82 ]
					},
					{ "time": 2.4667, "value": 0.18 }
				]
			},
			"All21": {
				"rotate": [
					{
						"curve": [ 0.413, 0, 0.821, 3.29 ]
					},
					{
						"time": 1.2333,
						"value": 3.29,
						"curve": [ 1.646, 3.29, 2.054, 0 ]
					},
					{ "time": 2.4667 }
				]
			},
			"All20": {
				"rotate": [
					{
						"value": 0.18,
						"curve": [ 0.36, 0.85, 0.71, 3.29 ]
					},
					{
						"time": 1.0667,
						"value": 3.29,
						"curve": [ 1.479, 3.29, 1.887, 0 ]
					},
					{
						"time": 2.3,
						"curve": [ 2.356, 0, 2.414, 0.07 ]
					},
					{ "time": 2.4667, "value": 0.18 }
				]
			},
			"bone": {
				"translate": [
					{
						"y": -50.27,
						"curve": [ 0.275, 0, 0.558, 0, 0.275, -50.27, 0.558, 60.73 ]
					},
					{ "time": 0.8333, "y": 60.73 }
				]
			},
			"All28": {
				"translate": [
					{
						"y": 0.57,
						"curve": [ 0.043, 0, 0.088, 0, 0.043, 0.22, 0.088, 0 ]
					},
					{
						"time": 0.1333,
						"curve": [ 0.546, 0, 0.954, 0, 0.546, 0, 0.954, 20.56 ]
					},
					{
						"time": 1.3667,
						"y": 20.56,
						"curve": [ 1.74, 0, 2.097, 0, 1.74, 20.56, 2.097, 3.81 ]
					},
					{ "time": 2.4667, "y": 0.57 }
				],
				"scale": [
					{
						"x": 1.001,
						"y": 1.001,
						"curve": [ 0.043, 1, 0.099, 0.999, 0.043, 1.001, 0.099, 0.999 ]
					},
					{
						"time": 0.1333,
						"curve": [ 0.546, 1.01, 0.954, 1.031, 0.546, 1.017, 0.954, 1.051 ]
					},
					{
						"time": 1.3667,
						"x": 1.031,
						"y": 1.051,
						"curve": [ 1.739, 1.031, 2.097, 1.006, 1.739, 1.051, 2.097, 1.009 ]
					},
					{ "time": 2.4667, "x": 1.001, "y": 1.001 }
				]
			},
			"All30": {
				"translate": [
					{
						"y": -0.13,
						"curve": [ 0.043, 0, 0.088, 0, 0.043, -0.05, 0.088, 0 ]
					},
					{
						"time": 0.1333,
						"curve": [ 0.546, 0, 0.954, 0, 0.546, 0, 0.954, -4.6 ]
					},
					{
						"time": 1.3667,
						"y": -4.6,
						"curve": [ 1.739, 0, 2.097, 0, 1.739, -4.6, 2.097, -0.85 ]
					},
					{ "time": 2.4667, "y": -0.13 }
				],
				"scale": [
					{
						"x": 0.997,
						"y": 0.997,
						"curve": [ 0.043, 0.999, 0.088, 1, 0.043, 0.999, 0.088, 1 ]
					},
					{
						"time": 0.1333,
						"curve": [ 0.546, 1, 0.954, 0.894, 0.546, 1, 0.954, 0.894 ]
					},
					{
						"time": 1.3667,
						"x": 0.894,
						"y": 0.894,
						"curve": [ 1.739, 0.894, 2.097, 0.98, 1.739, 0.894, 2.097, 0.98 ]
					},
					{ "time": 2.4667, "x": 0.997, "y": 0.997 }
				]
			},
			"All29": {
				"translate": [
					{
						"y": 0.06,
						"curve": [ 0.043, 0, 0.088, 0, 0.043, 0.02, 0.088, 0 ]
					},
					{
						"time": 0.1333,
						"curve": [ 0.546, 0, 0.954, 0, 0.546, 0, 0.954, 2.28 ]
					},
					{
						"time": 1.3667,
						"y": 2.28,
						"curve": [ 1.739, 0, 2.097, 0, 1.739, 2.28, 2.097, 0.42 ]
					},
					{ "time": 2.4667, "y": 0.06 }
				],
				"scale": [
					{
						"x": 1.001,
						"y": 1.001,
						"curve": [ 0.043, 1, 0.088, 1, 0.043, 1, 0.088, 1 ]
					},
					{
						"time": 0.1333,
						"curve": [ 0.546, 1, 0.954, 1.04, 0.546, 1, 0.954, 1.04 ]
					},
					{
						"time": 1.3667,
						"x": 1.04,
						"y": 1.04,
						"curve": [ 1.739, 1.04, 2.097, 1.007, 1.739, 1.04, 2.097, 1.007 ]
					},
					{ "time": 2.4667, "x": 1.001, "y": 1.001 }
				]
			}
		},
		"deform": {
			"default": {
				"Ribbon": {
					"Ribbon": [
						{
							"vertices": [ -3.3783, 0, 0, 0, 0, 0, 0, 0, 0, 0, 0, 0, 0, 0, 0, 0, 0, 0, 0, 0, 0, 0, 0, 0, 0, 0, 0, 0, 0, 0, 0, 0, 0, 0, 0, 0, 0, 0, 0, 0, 0, 0, 0, 0, 0, 0, 0, 0, 0, 0, 0, 0, 0, 0, 0, 0, 0, 0, 0, 0, 0, 0, 0, 0, 0, 0, 0, 0, 0, 0, 0, 0, 0, 0, 0, 0, 0, 0, 0, 0, 0, 0, 0, 0, 0, 0, 0, 0, 0, 0, 0, 0, 0, 0, 0, 0, 0, 0, 0, 0, 0, 0, 0, 0, 0, 0, 0, 0, 0, 0, 0, 0, 0, 0, 0, 0, 0, 0, 0, 0, 0, 0, 0, 0, 0, 0, 0, 0, 0, 0, 0, 0, 0, 0, 0, 0, 0, 0, 0, 0, 0, 0, 0, 0, 0, 0, 0, 0, 0, 0, 0, 0, 0, 0, 0, 0, 0, 0, 0, 0, 0, 0, 0, 0, 0, 0, 0, 0, 0, 0, 0, 0, 0, 0, 0, 0, 0, 0, 0, 0, 0, 0, 0, 0, 0, 0, 0, 0, 0, 0, 0, 0, 0, 0, 0, 0, 0, 0, 0, 0, 0, 0, 0, 0, 0, 0, 0, 0, 0, 0, 0, 0, 0, 0, 0, 0, 0, 0, 0, 0, 0, 0, 0, 0, 0, 0, 0, 0, 0, 0, 0, 0, 0, 0, 0, 0, 0, 0, 0, 0, 0, 0, 0, 0, 0, 0, 0, 0, 0, 0, 0, 0, 0, 0, 0, 0, 0, 0, 0, 0, 0, 0, 0, 0, 0, 0, 0, 0, 0, 0, 0, 0, 0, 0, 0, 0, 0, 0, 0, 0, 0, 0, 0, 0, 0, 0, 0, 0, 0, 0, 0, 0, 0, 0, 0, 0, 0, 0, 0, 0, 0, 0, 0, 0, 0, 0, 0, 0, 0, 0, 0, 0, 5.5327, 0, -5.36752, -1.34189, 5.5327, 0, 2.91075, 0, -2.82384, -0.70596, 2.91075, 0, 2.0375, 0, -1.97666, -0.49416, 2.0375, 0, 0, 0, 0, 0, 0, 0, 0, 0, 0, 0, 0, 0, 0, 0, 0, 0, 0, 0, 0, 0, 0, 0, 0, 0, 0, 0, 0, 0, 0, 0, 0, 0, 0, 0, 0, 0, 0, 0, 0, 0, 0, 0, -2.76702, 0, -2.76702, 0, -4.22175, 0, -4.28692, 0.99785, -4.29642, 0.63801, -4.34354, 0, -4.28692, 0.99785, -4.29642, 0.63801, -4.34354, 0, -4.28692, 0.99785, -4.29642, 0.63801, -4.28692, 0.99785, -4.29642, 0.63801, 6.54771, 0, -6.3522, -1.58805, 6.54771, 0, -6.3522, -1.58805, -6.3522, -1.58805, -5.26732, -2.80924 ],
							"curve": [ 0.302, 0.2, 0.601, 1 ]
						},
						{
							"time": 0.9,
							"curve": [ 1.233, 0, 1.567, 1 ]
						},
						{
							"time": 1.9,
							"vertices": [ -3.47562, 0, 0, 0, 0, 0, 0, 0, 0, 0, 0, 0, 0, 0, 0, 0, 0, 0, 0, 0, 0, 0, 0, 0, 0, 0, 0, 0, 0, 0, 0, 0, 0, 0, 0, 0, 0, 0, 0, 0, 0, 0, 0, 0, 0, 0, 0, 0, 0, 0, 0, 0, 0, 0, 0, 0, 0, 0, 0, 0, 0, 0, 0, 0, 0, 0, 0, 0, 0, 0, 0, 0, 0, 0, 0, 0, 0, 0, 0, 0, 0, 0, 0, 0, 0, 0, 0, 0, 0, 0, 0, 0, 0, 0, 0, 0, 0, 0, 0, 0, 0, 0, 0, 0, 0, 0, 0, 0, 0, 0, 0, 0, 0, 0, 0, 0, 0, 0, 0, 0, 0, 0, 0, 0, 0, 0, 0, 0, 0, 0, 0, 0, 0, 0, 0, 0, 0, 0, 0, 0, 0, 0, 0, 0, 0, 0, 0, 0, 0, 0, 0, 0, 0, 0, 0, 0, 0, 0, 0, 0, 0, 0, 0, 0, 0, 0, 0, 0, 0, 0, 0, 0, 0, 0, 0, 0, 0, 0, 0, 0, 0, 0, 0, 0, 0, 0, 0, 0, 0, 0, 0, 0, 0, 0, 0, 0, 0, 0, 0, 0, 0, 0, 0, 0, 0, 0, 0, 0, 0, 0, 0, 0, 0, 0, 0, 0, 0, 0, 0, 0, 0, 0, 0, 0, 0, 0, 0, 0, 0, 0, 0, 0, 0, 0, 0, 0, 0, 0, 0, 0, 0, 0, 0, 0, 0, 0, 0, 0, 0, 0, 0, 0, 0, 0, 0, 0, 0, 0, 0, 0, 0, 0, 0, 0, 0, 0, 0, 0, 0, 0, 0, 0, 0, 0, 0, 0, 0, 0, 0, 0, 0, 0, 0, 0, 0, 0, 0, 0, 0, 0, 0, 0, 0, 0, 0, 0, 0, 0, 0, 0, 0, 0, 0, 0, 0, 0, 0, 0, 0, 0, 0, 0, 5.69208, 0, -5.52214, -1.38054, 5.69208, 0, 2.9946, 0, -2.90518, -0.7263, 2.9946, 0, 2.09619, 0, -2.0336, -0.5084, 2.09619, 0, 0, 0, 0, 0, 0, 0, 0, 0, 0, 0, 0, 0, 0, 0, 0, 0, 0, 0, 0, 0, 0, 0, 0, 0, 0, 0, 0, 0, 0, 0, 0, 0, 0, 0, 0, 0, 0, 0, 0, 0, 0, 0, -2.84673, 0, -2.84673, 0, -4.34337, 0, -4.41042, 1.0266, -4.42018, 0.65639, -4.46866, 0, -4.41042, 1.0266, -4.42018, 0.65639, -4.46866, 0, -4.41042, 1.0266, -4.42018, 0.65639, -4.41042, 1.0266, -4.42018, 0.65639, 6.73633, 0, -6.53519, -1.6338, 6.73633, 0, -6.53519, -1.6338, -6.53519, -1.6338, -5.41905, -2.89016 ],
							"curve": [ 1.934, 0, 1.969, 0.01 ]
						},
						{
							"time": 2,
							"vertices": [ -3.3783, 0, 0, 0, 0, 0, 0, 0, 0, 0, 0, 0, 0, 0, 0, 0, 0, 0, 0, 0, 0, 0, 0, 0, 0, 0, 0, 0, 0, 0, 0, 0, 0, 0, 0, 0, 0, 0, 0, 0, 0, 0, 0, 0, 0, 0, 0, 0, 0, 0, 0, 0, 0, 0, 0, 0, 0, 0, 0, 0, 0, 0, 0, 0, 0, 0, 0, 0, 0, 0, 0, 0, 0, 0, 0, 0, 0, 0, 0, 0, 0, 0, 0, 0, 0, 0, 0, 0, 0, 0, 0, 0, 0, 0, 0, 0, 0, 0, 0, 0, 0, 0, 0, 0, 0, 0, 0, 0, 0, 0, 0, 0, 0, 0, 0, 0, 0, 0, 0, 0, 0, 0, 0, 0, 0, 0, 0, 0, 0, 0, 0, 0, 0, 0, 0, 0, 0, 0, 0, 0, 0, 0, 0, 0, 0, 0, 0, 0, 0, 0, 0, 0, 0, 0, 0, 0, 0, 0, 0, 0, 0, 0, 0, 0, 0, 0, 0, 0, 0, 0, 0, 0, 0, 0, 0, 0, 0, 0, 0, 0, 0, 0, 0, 0, 0, 0, 0, 0, 0, 0, 0, 0, 0, 0, 0, 0, 0, 0, 0, 0, 0, 0, 0, 0, 0, 0, 0, 0, 0, 0, 0, 0, 0, 0, 0, 0, 0, 0, 0, 0, 0, 0, 0, 0, 0, 0, 0, 0, 0, 0, 0, 0, 0, 0, 0, 0, 0, 0, 0, 0, 0, 0, 0, 0, 0, 0, 0, 0, 0, 0, 0, 0, 0, 0, 0, 0, 0, 0, 0, 0, 0, 0, 0, 0, 0, 0, 0, 0, 0, 0, 0, 0, 0, 0, 0, 0, 0, 0, 0, 0, 0, 0, 0, 0, 0, 0, 0, 0, 0, 0, 0, 0, 0, 0, 0, 0, 0, 0, 0, 0, 0, 0, 0, 0, 0, 0, 0, 0, 0, 0, 0, 0, 5.5327, 0, -5.36752, -1.34189, 5.5327, 0, 2.91075, 0, -2.82384, -0.70596, 2.91075, 0, 2.0375, 0, -1.97666, -0.49416, 2.0375, 0, 0, 0, 0, 0, 0, 0, 0, 0, 0, 0, 0, 0, 0, 0, 0, 0, 0, 0, 0, 0, 0, 0, 0, 0, 0, 0, 0, 0, 0, 0, 0, 0, 0, 0, 0, 0, 0, 0, 0, 0, 0, 0, -2.76702, 0, -2.76702, 0, -4.22175, 0, -4.28692, 0.99785, -4.29642, 0.63801, -4.34354, 0, -4.28692, 0.99785, -4.29642, 0.63801, -4.34354, 0, -4.28692, 0.99785, -4.29642, 0.63801, -4.28692, 0.99785, -4.29642, 0.63801, 6.54771, 0, -6.3522, -1.58805, 6.54771, 0, -6.3522, -1.58805, -6.3522, -1.58805, -5.26732, -2.80924 ]
						}
					]
				},
				"TXT": {
					"TXT": [
						{},
						{
							"time": 0.4667,
							"offset": 1,
							"vertices": [ 3.36931, 0, 3.36931, 0, 3.36931, 0, 3.36931, 0, 3.36931, 0, 3.36931, 0, 3.36931, 0, 3.36931, 0, 3.36931, 0, 3.36931, 0, 3.36931, 0, 3.36931, 0, 3.36931, 0, 3.36931, 0, 3.36931, 0, 3.36931, 0, 3.36931, 0, 3.36931, 0, 3.36931, 0, 3.36931, 0, 3.36931, 0, 3.36931, 0, 3.36931, 0, 3.36931, 0, 3.36931, 0, 3.36931, 0, 3.36931, 0, 3.36931, 0, 3.36931, 0, 3.36931, 0, 3.36931, 0, 3.36931, 0, 3.36931, 0, 3.36931, 0, 3.36931, 0, 3.36931, 0, 3.36931, 0, 3.36931, 0, 3.36931, 0, 3.36931, 0, 3.36931, 0, 3.36931, 0, 3.36931, 0, 3.36931, 0, 3.36931, 0, 3.36931, 0, 3.36931, 0, 3.36931, 0, 3.36931, 0, 3.36931, 0, 3.36931, 0, 3.36931, 0, 3.36931, 0, 3.36931, 0, 3.36931, 0, 3.36931, 0, 3.36931, 0, 3.36931, 0, 3.36931, 0, 3.36931, 0, 3.36931, 0, 3.36931, 0, 3.36931, 0, 3.36931, 0, 3.36931, 0, 3.36931, 0, 3.36931, 0, 3.36931, 0, 3.36931, 0, 3.36931, 0, 3.36931, 0, 3.36931, 0, 3.36931, 0, 3.36931, 0, 3.36931, 0, 3.36931, 0, 3.36931, 0, 3.36931, 0, 3.36931, 0, 3.36931, 0, 3.36931, 0, 3.36931, 0, 3.36931, 0, 3.36931, 0, 3.36931, 0, 3.36931, 0, 3.36931, 0, 3.36931, 0, 3.36931, 0, 3.36931, 0, 3.36931, 0, 3.36931, 0, 3.36931, 0, 3.36931, 0, 3.36931, 0, 3.36931, 0, 3.36931, 0, 3.36931, 0, 3.36931, 0, 3.36931, 0, 3.36931, 0, 3.36931, 0, 3.36931, 0, 3.36931, 0, 3.36931, 0, 3.36931, 0, 3.36931, 0, 3.36931, 0, 3.36931, 0, 3.36931, 0, 3.36931, 0, 3.36931, 0, 3.36931, 0, 3.36931, 0, 3.36931, 0, 3.36931, 0, 3.36931, 0, 3.36931, 0, 3.36931, 0, 3.36931, 0, 3.36931, 0, 3.36931, 0, 3.36931, 0, 3.36931, 0, 3.36931, 0, 3.36931, 0, 3.36931, 0, 3.36931, 0, 3.36931, 0, 3.36931, 0, 3.36931, 0, 3.36931, 0, 3.36931, 0, 3.36931, 0, 3.36931, 0, 3.36931, 0, 3.36931, 0, 3.36931, 0, 3.36931, 0, 3.36931, 0, 3.36931, 0, 3.36931, 0, 3.36931, 0, 3.36931, 0, 3.36931, 0, 3.36931, 0, 3.36931, 0, 3.36931, 0, 3.36931, 0, 3.36931, 0, 3.36931, 0, 3.36931, 0, 3.36931, 0, 3.36931, 0, 3.36931, 0, 3.36931, 0, 3.36931, 0, 3.36931, 0, 3.36931, 0, 3.36931, 0, 3.36931, 0, 3.36931, 0, 3.36931, 0, 3.36931, 0, 3.36931, 0, 3.36931, 0, 3.36931, 0, 3.36931, 0, 3.36931, 0, 3.36931, 0, 3.36931, 0, 3.36931, 0, 3.36931, 0, 3.36931, 0, 3.36931, 0, 3.36931, 0, 3.36931, 0, 3.36931, 0, 3.36931, 0, 3.36931, 0, 3.36931, 0, 3.36931, 0, 3.36931, 0, 3.36931, 0, 3.36931, 0, 3.36931, 0, 3.36931, 0, 3.36931, 0, 3.36931, 0, 3.36931, 0, 3.36931, 0, 3.36931, 0, 3.36931, 0, 3.36931, 0, 3.36931, 0, 3.36931, 0, 3.36931, 0, 3.36931, 0, 3.36931, 0, 3.36931, 0, 3.36931, 0, 3.36931, 0, 3.36931, 0, 3.36931, 0, 3.36931, 0, 3.36931, 0, 3.36931, 0, 3.36931, 0, 3.36931, 0, 3.36931, 0, 3.36931, 0, 3.36931, 0, 3.36931, 0, 3.36931, 0, 3.36931, 0, 3.36931, 0, 3.36931, 0, 3.36931, 0, 3.36931, 0, 3.36931, 0, 3.36931, 0, 3.36931, 0, 3.36931, 0, 3.36931, 0, 3.36931, 0, 3.36931, 0, 3.36931, 0, 3.36931, 0, 3.36931, 0, 3.36931, 0, 3.36931, 0, 3.36931, 0, 3.36931, 0, 3.36931, 0, 3.36931, 0, 3.36931, 0, 3.36931, 0, 3.36931, 0, 3.36931, 0, 3.36931, 0, 3.36931, 0, 3.36931 ]
						},
						{
							"time": 0.5333,
							"vertices": [ 1.97532, -1.15127, 1.10063, -1.69065, 0.61247, -1.90047, 0.05699, -1.9404, -0.77396, -1.98785, -1.37923, -1.80832, -1.7936, -1.53271, -2.20398, -1.15317, -2.43135, -0.76204, -2.45831, -0.20718, -2.48868, 0.32418, -2.21491, 0.93607, -1.8387, 1.34984, -1.55338, 1.55955, -1.05045, 1.58703, -0.81134, 1.43421, -0.63399, 1.21239, -0.61643, 0.80673, -0.99895, 0.49452, -1.2788, 0.18043, -1.26075, -0.2127, -0.94439, -0.49597, -0.4384, -0.66669, 0, 3.36931, 0, 3.36931, 0, 3.36931, 0, 3.36931, 0, 3.36931, 0, 3.36931, 0, 3.36931, 0, 3.36931, 0, 3.36931, 0, 3.36931, 0, 3.36931, 0, 3.36931, 0, 3.36931, 0, 3.36931, 0, 3.36931, 0, 3.36931, 0, 3.36931, 0, 3.36931, 0, 3.36931, 0, 3.36931, 0, 3.36931, 0, 3.36931, 0, 3.36931, 0, 3.36931, 0, 3.36931, 0, 3.36931, 0, 3.36931, 0, 3.36931, 0, 3.36931, 0, 3.36931, 0, 3.36931, 0, 3.36931, 0, 3.36931, 0, 3.36931, 0, 3.36931, 0, 3.36931, 0, 3.36931, 0, 3.36931, 0, 3.36931, 0, 3.36931, 0, 3.36931, 0, 3.36931, 0, 3.36931, 0, 3.36931, 0, 3.36931, 0, 3.36931, 0, 3.36931, 0, 3.36931, 0, 3.36931, 0, 3.36931, 0.17957, 3.0839, 0.80604, 3.15158, 0.91746, 3.11507, 0.95843, 3.02975, 0.95301, 2.83012, 0.86731, 2.76938, 0.01218, 2.62914, 0.87917, 2.28876, 0.92227, 2.17618, 0.91577, 2.01078, 0.858, 1.88378, 0.76909, 1.81806, 0.07015, 2.07788, 0.07666, 1.80592, 0.71417, 1.77133, 0.82948, 1.72799, 0.86893, 1.61173, 0.85882, 1.23743, 0.82543, 0.88297, 0.75136, 0.7411, 0.48909, 0.77563, 0.38837, 0.87621, 0.4122, 1.09657, 0.46414, 1.36091, 0.32381, 1.36404, 0.31592, 0.73522, 0.50897, 0.72422, 0.68941, 0.68716, 0.74767, 0.64871, 0.78313, 0.58136, 0.77872, 0.38313, 0.74373, 0.15553, 0.66295, -0.0589, 0.56326, -0.21188, 0.43419, -0.3372, 0.26099, -0.41482, -0.04733, -0.41509, -0.19003, -0.34814, -0.31479, -0.23764, -0.41142, -0.13723, -0.47763, -0.00163, -0.61984, -0.14888, -0.71661, -0.34534, -0.85454, -0.32993, -0.98581, -0.22394, -0.98504, -0.0559, -0.87694, 0.13158, -0.672, 0.37202, -0.90462, 0.40299, -0.93593, 0.47704, -0.93545, 0.67413, -0.86554, 0.77822, -0.7993, 0.81165, -0.21957, 0.77781, 0.31209, 0.73026, 0.3218, 1.36326, 0.18768, 1.36558, 0.18295, 1.04767, 0.1787, 0.93126, 0.11615, 0.89574, 0.01187, 0.89356, -0.074, 0.92722, -0.16075, 0.97923, -0.17074, 1.14922, -0.14663, 1.40458, -0.48488, 1.40685, -0.49194, 0.94453, -0.53729, 0.90678, -0.74255, 0.91128, -0.8604, 0.98571, -0.85695, 1.27994, -0.81857, 1.66546, -0.74503, 1.82493, -0.55792, 1.84954, 0.07442, 1.80579, 0.06956, 2.07874, -0.3986, 2.28091, -0.65117, 2.40508, -0.73623, 2.49124, -0.73221, 2.79044, -0.63232, 2.89151, -0.27204, 3.00378, 0.17796, 3.08379, 0, 3.36931, 0, 3.36931, 0, 3.36931, 0, 3.36931, 0, 3.36931, 0, 3.36931, 0, 3.36931, 0, 3.36931, 0, 3.36931, 0, 3.36931, 0, 3.36931, 0, 3.36931, 0, 3.36931, 0, 3.36931, 0, 3.36931, 0, 3.36931, 0, 3.36931, 0, 3.36931, 0, 3.36931, 0, 3.36931, 0, 3.36931, 0, 3.36931, 0, 3.36931, 0, 3.36931, 0, 3.36931, 0, 3.36931, 0, 3.36931, 0, 3.36931, 0, 3.36931, 0, 3.36931, 0, 3.36931, 0, 3.36931, 0, 3.36931, 0, 3.36931, 0, 3.36931, 0, 3.36931, 0, 3.36931, 0, 3.36931, 0, 3.36931, 0, 3.36931, 0, 3.36931, 0, 3.36931, 0, 3.36931, 0, 3.36931, 0, 3.36931, 0, 3.36931, 0, 3.36931, 0, 3.36931, 0, 3.36931, 0, 3.36931, 0, 3.36931, 0, 3.36931, 0, 3.36931, 0, 3.36931, 0, 3.36931, 0, 3.36931, 0, 3.36931, 0, 3.36931, 0, 3.36931, 0, 3.36931, 0, 3.36931, 0, 3.36931, 0, 3.36931, 0, 3.36931, -0.42456, -0.6651, 0.54744, -0.61256, 0.93832, -0.39879, 1.30819, 0.01862, 1.2917, 0.31839, 1.08812, 0.60452, 0.77499, 0.7825, 0.81279, 0.09298, 0.67849, -0.11755, 0.02998, -0.15089, -0.07917, -0.05344, -0.20217, 0.44034, -0.26941, 1.92494, 0.16358, 1.96482, 0.61776, 1.97096, 0.63176, 1.76979, 1.22101, 1.80444, 1.72409, 1.62917, 2.13841, 1.24547, 2.46603, 0.77347, 2.51629, -0.32499, 2.28216, -0.8485 ]
						}
					]
				}
			}
		}
	}
}
}