{
"skeleton": {
	"hash": "sqPqrqoSm2E",
	"spine": "4.2.22",
	"x": -79.83,
	"y": -0.99,
	"width": 147.64,
	"height": 268.89,
	"fps": 1,
	"images": "./images/",
	"audio": ""
},
"bones": [
	{ "name": "Root" },
	{ "name": "Hip", "parent": "Root", "x": -0.93, "y": 73.4 },
	{ "name": "Body", "parent": "Hip", "length": 60.97, "rotation": 89.51, "x": 2.46, "y": -7.69 },
	{ "name": "Arm", "parent": "Body", "length": 51.63, "rotation": 166.66, "x": 49.9, "y": 37.34 },
	{ "name": "Arm2", "parent": "Body", "length": 52.61, "rotation": -157.16, "x": 53.81, "y": -28.52 },
	{ "name": "Leg", "parent": "Hip", "length": 31.38, "rotation": -105.81, "x": -20.31, "y": -13.85 },
	{ "name": "Feet", "parent": "Leg", "length": 15.39, "rotation": 14.56, "x": 39.56, "y": 1.59 },
	{ "name": "Leg2", "parent": "Hip", "length": 31.09, "rotation": -74.16, "x": 22.47, "y": -12.01 },
	{ "name": "Feet2", "parent": "Leg2", "length": 12.31, "rotation": -17.19, "x": 41.33, "y": 0.11 },
	{ "name": "Head", "parent": "Body", "length": 65.29, "rotation": -88.23, "x": 73.59, "y": 1.09 },
	{ "name": "Shield", "parent": "Arm", "rotation": 123.55, "x": 45, "y": -2.08 },
	{ "name": "Weapon", "parent": "Arm2", "length": 137.63, "rotation": 92.5, "x": 48.2, "y": 12.77 }
],
"slots": [
	{ "name": "Arm2", "bone": "Arm2", "attachment": "Arm2" },
	{ "name": "Weapon", "bone": "Weapon" },
	{ "name": "Hand", "bone": "Arm2", "attachment": "Hand" },
	{ "name": "Leg2", "bone": "Leg2", "attachment": "Leg2" },
	{ "name": "Feet2", "bone": "Feet2", "attachment": "Feet2" },
	{ "name": "Leg", "bone": "Leg", "attachment": "Leg" },
	{ "name": "Feet", "bone": "Feet", "attachment": "Feet" },
	{ "name": "Body", "bone": "Body", "attachment": "body" },
	{ "name": "Arm", "bone": "Arm", "attachment": "Arm" },
	{ "name": "Head", "bone": "Head", "attachment": "Head" },
	{ "name": "Eyes", "bone": "Head", "attachment": "Open" },
	{ "name": "Shield", "bone": "Shield" },
	{ "name": "Mouth", "bone": "Head", "attachment": "Closed" }
],
"skins": [
	{
		"name": "White",
		"attachments": {
			"Arm": {
				"Arm": {
					"name": "arm",
					"path": "White/arm",
					"x": 21.18,
					"y": 21.04,
					"rotation": 109.16,
					"width": 111,
					"height": 98
				}
			},
			"Arm2": {
				"Arm2": {
					"name": "arm 2",
					"path": "White/arm 2",
					"x": 23.03,
					"y": -1.28,
					"rotation": 78.02,
					"width": 46,
					"height": 79
				}
			},
			"Body": {
				"body": { "path": "White/body", "x": 23.72, "y": 7.21, "rotation": -89.51, "width": 91, "height": 103 }
			},
			"Eyes": {
				"Blink": { "path": "White/eyes blink", "x": 10.4, "y": 31.15, "rotation": -1.12, "width": 67, "height": 22 },
				"Open": { "path": "White/eyes", "x": 11.06, "y": 26.12, "rotation": -4.55, "width": 67, "height": 31 }
			},
			"Feet": {
				"Feet": {
					"name": "feet",
					"path": "White/feet",
					"x": 6.07,
					"y": -1.36,
					"rotation": 91.26,
					"width": 50,
					"height": 32
				}
			},
			"Feet2": {
				"Feet2": {
					"name": "feet 2",
					"path": "White/feet 2",
					"x": 4.26,
					"y": -4.34,
					"rotation": 91.37,
					"width": 55,
					"height": 27
				}
			},
			"Hand": {
				"Hand": {
					"name": "hand",
					"path": "White/hand",
					"x": 49.06,
					"y": 2.05,
					"rotation": 67.63,
					"width": 32,
					"height": 28
				}
			},
			"Head": {
				"Head": {
					"name": "head 1",
					"path": "White/head 1",
					"x": -3.5,
					"y": 58.43,
					"rotation": -2.75,
					"width": 139,
					"height": 137
				}
			},
			"Leg": {
				"Leg": {
					"name": "leg",
					"path": "White/leg",
					"x": 16.86,
					"y": -4.3,
					"rotation": 104.81,
					"width": 48,
					"height": 55
				}
			},
			"Leg2": {
				"Leg2": {
					"name": "leg 2",
					"path": "White/leg 2",
					"x": 16.44,
					"y": -2.09,
					"rotation": 74.16,
					"width": 50,
					"height": 58
				}
			},
			"Mouth": {
				"Closed": { "path": "White/mouth", "x": 10.96, "y": 3.69, "rotation": -1.28, "width": 28, "height": 21 }
			}
		}
	}
],
"events": {
	"Hit": {}
},
"animations": {
	"Attack": {
		"bones": {
			"Arm": {
				"rotate": [
					{
						"value": -10.02,
						"curve": [ 0.083, -10.02, 0.25, -50.06 ]
					},
					{ "time": 0.3332, "value": -50.06 },
					{ "time": 0.4, "value": -15.89 },
					{ "time": 0.4666, "value": -29.45, "curve": "stepped" },
					{
						"time": 0.6,
						"value": -29.45,
						"curve": [ 0.658, -29.45, 0.775, -10.02 ]
					},
					{ "time": 0.8332, "value": -10.02 }
				],
				"translate": [
					{
						"curve": [ 0.083, 0, 0.25, 2.52, 0.083, 0, 0.25, -1 ]
					},
					{ "time": 0.3332, "x": 2.52, "y": -1 },
					{ "time": 0.4666, "x": -5.05, "y": -2.56, "curve": "stepped" },
					{
						"time": 0.6,
						"x": -5.05,
						"y": -2.56,
						"curve": [ 0.658, -5.05, 0.775, 0, 0.658, -2.56, 0.775, 0 ]
					},
					{ "time": 0.8332 }
				]
			},
			"Hip": {
				"translate": [
					{ "time": 0.3332 },
					{ "time": 0.4666, "x": 9.25, "y": -5.94, "curve": "stepped" },
					{
						"time": 0.6,
						"x": 9.25,
						"y": -5.94,
						"curve": [ 0.658, 9.25, 0.775, 0, 0.658, -5.94, 0.775, 0 ]
					},
					{ "time": 0.8332 }
				]
			},
			"Body": {
				"rotate": [
					{
						"curve": [ 0.083, 0, 0.25, 8.25 ]
					},
					{ "time": 0.3332, "value": 8.25 },
					{ "time": 0.4666, "value": -15.92, "curve": "stepped" },
					{
						"time": 0.6,
						"value": -15.92,
						"curve": [ 0.658, -15.92, 0.775, 0 ]
					},
					{ "time": 0.8332 }
				],
				"translate": [
					{
						"curve": [ 0.083, 0, 0.25, -1.07, 0.083, 0, 0.25, 3.55 ]
					},
					{ "time": 0.3332, "x": -1.07, "y": 3.55 },
					{ "time": 0.8332 }
				]
			},
			"Leg": {
				"rotate": [
					{ "time": 0.3332 },
					{ "time": 0.4666, "value": -18.61, "curve": "stepped" },
					{
						"time": 0.6,
						"value": -18.61,
						"curve": [ 0.658, -18.61, 0.775, 0 ]
					},
					{ "time": 0.8332 }
				]
			},
			"Leg2": {
				"rotate": [
					{
						"curve": [ 0.083, 0, 0.25, 15.02 ]
					},
					{ "time": 0.3332, "value": 15.02 },
					{ "time": 0.4666, "value": 4.71, "curve": "stepped" },
					{
						"time": 0.6,
						"value": 4.71,
						"curve": [ 0.658, 4.71, 0.775, 0 ]
					},
					{ "time": 0.8332 }
				],
				"translate": [
					{
						"curve": [ 0.083, 0, 0.25, -2.6, 0.083, 0, 0.25, 4.36 ]
					},
					{ "time": 0.3332, "x": -2.6, "y": 4.36 },
					{ "time": 0.4666, "x": 5.73, "y": 4.36, "curve": "stepped" },
					{
						"time": 0.6,
						"x": 5.73,
						"y": 4.36,
						"curve": [ 0.658, 5.73, 0.775, 0, 0.658, 4.36, 0.775, 0 ]
					},
					{ "time": 0.8332 }
				]
			},
			"Arm2": {
				"rotate": [
					{
						"curve": [ 0.083, 0, 0.25, 148.07 ]
					},
					{ "time": 0.3332, "value": 148.07 },
					{ "time": 0.4666, "value": -24.02, "curve": "stepped" },
					{
						"time": 0.6,
						"value": -24.02,
						"curve": [ 0.658, -24.02, 0.775, 0 ]
					},
					{ "time": 0.8332 }
				],
				"translate": [
					{
						"curve": [ 0.083, 0, 0.25, 4.5, 0.083, 0, 0.25, -0.72 ]
					},
					{ "time": 0.3332, "x": 4.5, "y": -0.72 },
					{ "time": 0.4666, "x": -1.03, "y": -2.33, "curve": "stepped" },
					{
						"time": 0.6,
						"x": -1.03,
						"y": -2.33,
						"curve": [ 0.658, -1.03, 0.775, 0, 0.658, -2.33, 0.775, 0 ]
					},
					{ "time": 0.8332 }
				]
			},
			"Feet": {
				"rotate": [
					{ "time": 0.3332 },
					{ "time": 0.4666, "value": 18.36, "curve": "stepped" },
					{
						"time": 0.6,
						"value": 18.36,
						"curve": [ 0.658, 18.36, 0.775, 0 ]
					},
					{ "time": 0.8332 }
				],
				"translate": [
					{ "time": 0.3332 },
					{ "time": 0.4666, "x": -1.42, "y": 2.2, "curve": "stepped" },
					{
						"time": 0.6,
						"x": -1.42,
						"y": 2.2,
						"curve": [ 0.658, -1.42, 0.775, 0, 0.658, 2.2, 0.775, 0 ]
					},
					{ "time": 0.8332 }
				]
			},
			"Feet2": {
				"rotate": [
					{ "time": 0.3332 },
					{ "time": 0.4666, "value": -2.99, "curve": "stepped" },
					{
						"time": 0.6,
						"value": -2.99,
						"curve": [ 0.658, -2.99, 0.775, 0 ]
					},
					{ "time": 0.8332 }
				]
			},
			"Head": {
				"rotate": [
					{
						"curve": [ 0.083, 0, 0.25, 19.17 ]
					},
					{ "time": 0.3332, "value": 19.17 },
					{ "time": 0.4666, "value": -2.32 },
					{ "time": 0.8332 }
				],
				"translate": [
					{
						"curve": [ 0.083, 0, 0.25, -1.36, 0.083, 0, 0.25, -0.46 ]
					},
					{ "time": 0.3332, "x": -1.36, "y": -0.46 },
					{ "time": 0.8332 }
				]
			}
		},
		"events": [
			{ "time": 0.4332, "name": "Hit" }
		]
	},
	"DeathBackward": {
		"bones": {
			"Hip": {
				"rotate": [
					{},
					{ "time": 0.3332, "value": 87.75 }
				],
				"translate": [
					{},
					{ "time": 0.2, "x": -50.02, "y": -6.59 },
					{ "time": 0.3332, "x": -83.36, "y": -37.65 }
				]
			},
			"Body": {
				"translate": [
					{},
					{ "time": 0.3332, "x": 5.05, "y": -0.03 }
				]
			},
			"Leg": {
				"rotate": [
					{},
					{ "time": 0.3332, "value": 33.36 }
				]
			},
			"Leg2": {
				"rotate": [
					{},
					{ "time": 0.3332, "value": -48.11 }
				]
			},
			"Arm": {
				"rotate": [
					{},
					{ "time": 0.3332, "value": 13.78 }
				],
				"translate": [
					{},
					{ "time": 0.3332, "x": -4.05, "y": -12.1 }
				]
			},
			"Arm2": {
				"rotate": [
					{},
					{ "time": 0.3332, "value": -81.7 }
				]
			},
			"Feet": {
				"rotate": [
					{},
					{ "time": 0.3332, "value": -46.45 }
				]
			},
			"Head": {
				"rotate": [
					{},
					{ "time": 0.3332, "value": 17.02 }
				],
				"translate": [
					{},
					{ "time": 0.3332, "x": -3.67, "y": -21.86 }
				]
			},
			"Weapon": {
				"rotate": [
					{},
					{ "time": 0.3332, "value": -38.52 }
				]
			}
		}
	},
	"DeathForward": {
		"bones": {
			"Hip": {
				"rotate": [
					{
						"curve": [ 0.083, 0, 0.253, -58.49 ]
					},
					{ "time": 0.3332, "value": -87.3 }
				],
				"translate": [
					{
						"curve": [ 0.049, 0, 0.128, 16.85, 0.049, 0, 0.128, 0.03 ]
					},
					{
						"time": 0.2,
						"x": 36.63,
						"y": 0.07,
						"curve": [ 0.251, 49.62, 0.3, 64.52, 0.251, -14.61, 0.3, -31.45 ]
					},
					{ "time": 0.3332, "x": 74.83, "y": -43.11 }
				]
			},
			"Leg": {
				"rotate": [
					{
						"curve": [ 0.083, 0, 0.253, 35.09 ]
					},
					{ "time": 0.3332, "value": 52.38 }
				],
				"translate": [
					{
						"curve": [ 0.083, 0, 0.253, -2.99, 0.083, 0, 0.253, 2.2 ]
					},
					{ "time": 0.3332, "x": -4.46, "y": 3.28 }
				]
			},
			"Leg2": {
				"rotate": [
					{
						"curve": [ 0.083, 0, 0.253, -23.2 ]
					},
					{ "time": 0.3332, "value": -34.63 }
				]
			},
			"Arm": {
				"rotate": [
					{
						"curve": [ 0.083, 0, 0.253, 35.85 ]
					},
					{ "time": 0.3332, "value": 53.5 }
				],
				"translate": [
					{},
					{ "time": 0.3332, "x": -2.42, "y": -20.4 }
				]
			},
			"Arm2": {
				"rotate": [
					{
						"curve": [ 0.083, 0, 0.253, 107.2 ]
					},
					{ "time": 0.3332, "value": 160 }
				],
				"translate": [
					{},
					{ "time": 0.3332, "x": -0.79, "y": 16.14 }
				]
			},
			"Feet": {
				"rotate": [
					{
						"curve": [ 0.083, 0, 0.253, -13.35 ]
					},
					{ "time": 0.3332, "value": -19.93 }
				],
				"translate": [
					{
						"curve": [ 0.083, 0, 0.253, -0.12, 0.083, 0, 0.253, -1.35 ]
					},
					{ "time": 0.3332, "x": -0.18, "y": -2.02 }
				]
			},
			"Feet2": {
				"rotate": [
					{
						"curve": [ 0.083, 0, 0.253, 20.69 ]
					},
					{ "time": 0.3332, "value": 30.88 }
				]
			},
			"Head": {
				"rotate": [
					{
						"curve": [ 0.083, 0, 0.253, 31.58 ]
					},
					{ "time": 0.3332, "value": 47.13 }
				]
			},
			"Weapon": {
				"rotate": [
					{
						"curve": [ 0.083, 0, 0.253, 29.29 ]
					},
					{ "time": 0.3332, "value": 43.72 }
				]
			}
		}
	},
	"Idle": {
		"bones": {
			"Body": {
				"translate": [
					{
						"curve": [ 0.125, 0, 0.375, 0, 0.125, 0, 0.375, -3.5 ]
					},
					{
						"time": 0.5,
						"y": -3.5,
						"curve": [ 0.625, 0, 0.875, 0, 0.625, -3.5, 0.875, 0 ]
					},
					{ "time": 1 }
				]
			},
			"Head": {
				"translate": [
					{
						"x": -1.02,
						"curve": [ 0.028, -0.73, 0.1, 0, 0.028, 0, 0.1, 0 ]
					},
					{
						"time": 0.1333,
						"curve": [ 0.258, 0, 0.508, -1.75, 0.258, 0, 0.508, 0 ]
					},
					{
						"time": 0.6333,
						"x": -1.75,
						"curve": [ 0.725, -1.75, 0.91, -1.25, 0.725, 0, 0.91, 0 ]
					},
					{ "time": 1, "x": -1.02 }
				]
			},
			"Arm": {
				"rotate": [
					{
						"value": -10.63,
						"curve": [ 0.124, -11.48, 0.278, -13.14 ]
					},
					{
						"time": 0.3666,
						"value": -13.14,
						"curve": [ 0.492, -13.14, 0.742, -10 ]
					},
					{ "time": 0.8665, "value": -10 },
					{ "time": 1, "value": -10.63 }
				],
				"translate": [
					{
						"x": -0.43,
						"curve": [ 0.124, -1.02, 0.278, -2.17, 0.124, 0, 0.278, 0 ]
					},
					{
						"time": 0.3666,
						"x": -2.17,
						"curve": [ 0.492, -2.17, 0.742, 0, 0.492, 0, 0.742, 0 ]
					},
					{ "time": 0.8665 },
					{ "time": 1, "x": -0.43 }
				]
			},
			"Arm2": {
				"rotate": [
					{
						"value": -0.46,
						"curve": [ 0.124, -1.09, 0.278, -2.32 ]
					},
					{
						"time": 0.3666,
						"value": -2.32,
						"curve": [ 0.492, -2.32, 0.742, 0 ]
					},
					{ "time": 0.8665 },
					{ "time": 1, "value": -0.46 }
				],
				"translate": [
					{
						"x": -0.46,
						"curve": [ 0.124, -1.08, 0.278, -2.28, 0.124, 0, 0.278, 0 ]
					},
					{
						"time": 0.3666,
						"x": -2.28,
						"curve": [ 0.492, -2.28, 0.742, 0, 0.492, 0, 0.742, 0 ]
					},
					{
						"time": 0.8665,
						"curve": [ 0.9, 0, 0.967, -0.46, 0.9, 0, 0.967, 0 ]
					},
					{ "time": 1, "x": -0.46 }
				]
			},
			"Leg": {
				"translate": [
					{
						"y": -0.25,
						"curve": [ 0.037, 0, 0.071, 0, 0.037, -0.1, 0.071, 0 ]
					},
					{ "time": 0.1 },
					{
						"time": 0.6,
						"y": -2.02,
						"curve": [ 0.696, 0, 0.872, 0, 0.696, -2.02, 0.872, -0.78 ]
					},
					{ "time": 1, "y": -0.25 }
				]
			},
			"Feet": {
				"translate": [
					{
						"x": -0.25,
						"y": -0.07,
						"curve": [ 0.037, -0.1, 0.071, 0, 0.037, -0.03, 0.071, 0 ]
					},
					{
						"time": 0.1,
						"curve": [ 0.225, 0, 0.475, -1.95, 0.225, 0, 0.475, -0.55 ]
					},
					{
						"time": 0.6,
						"x": -1.95,
						"y": -0.55,
						"curve": [ 0.696, -1.95, 0.872, -0.76, 0.696, -0.55, 0.872, -0.21 ]
					},
					{ "time": 1, "x": -0.25, "y": -0.07 }
				]
			},
			"Leg2": {
				"translate": [
					{
						"y": -0.33,
						"curve": [ 0.037, 0, 0.071, 0, 0.037, -0.13, 0.071, 0 ]
					},
					{ "time": 0.1 },
					{
						"time": 0.6,
						"y": -2.53,
						"curve": [ 0.696, 0, 0.872, 0, 0.696, -2.53, 0.872, -0.99 ]
					},
					{ "time": 1, "y": -0.33 }
				]
			},
			"Feet2": {
				"translate": [
					{
						"x": -0.31,
						"y": 0.09,
						"curve": [ 0.037, -0.12, 0.071, 0, 0.037, 0.04, 0.071, 0 ]
					},
					{
						"time": 0.1,
						"curve": [ 0.225, 0, 0.475, -2.44, 0.225, 0, 0.475, 0.68 ]
					},
					{
						"time": 0.6,
						"x": -2.44,
						"y": 0.68,
						"curve": [ 0.696, -2.44, 0.872, -0.95, 0.696, 0.68, 0.872, 0.27 ]
					},
					{ "time": 1, "x": -0.31, "y": 0.09 }
				]
			}
		}
	},
	"Idle2": {
		"bones": {
			"Body": {
				"translate": [
					{
						"curve": [ 0.125, 0, 0.375, 0, 0.125, 0, 0.375, -3.5 ]
					},
					{
						"time": 0.5,
						"y": -3.5,
						"curve": [ 0.625, 0, 0.875, 0, 0.625, -3.5, 0.875, 0 ]
					},
					{ "time": 1 }
				]
			},
			"Head": {
				"rotate": [
					{},
					{ "time": 0.1666, "value": 22.27, "curve": "stepped" },
					{ "time": 0.7332, "value": 22.27 },
					{ "time": 1 }
				],
				"translate": [
					{
						"x": -1.02,
						"curve": [ 0.028, -0.73, 0.1, 0, 0.028, 0, 0.1, 0 ]
					},
					{
						"time": 0.1333,
						"curve": [ 0.2, 0, 0.333, -1.75, 0.2, 0, 0.333, 0 ]
					},
					{
						"time": 0.4,
						"x": -1.75,
						"curve": [ 0.55, -1.75, 0.85, -1.02, 0.55, 0, 0.85, 0 ]
					},
					{ "time": 1, "x": -1.02 }
				]
			},
			"Arm": {
				"rotate": [
					{
						"value": -10.63,
						"curve": [ 0.124, -11.48, 0.278, -13.14 ]
					},
					{
						"time": 0.3666,
						"value": -13.14,
						"curve": [ 0.492, -13.14, 0.742, -10 ]
					},
					{ "time": 0.8665, "value": -10 },
					{ "time": 1, "value": -10.63 }
				],
				"translate": [
					{
						"x": -0.43,
						"curve": [ 0.124, -1.02, 0.278, -2.17, 0.124, 0, 0.278, 0 ]
					},
					{
						"time": 0.3666,
						"x": -2.17,
						"curve": [ 0.492, -2.17, 0.742, 0, 0.492, 0, 0.742, 0 ]
					},
					{ "time": 0.8665 },
					{ "time": 1, "x": -0.43 }
				]
			},
			"Arm2": {
				"rotate": [
					{
						"value": -0.46,
						"curve": [ 0.052, 21.13, 0.11, 50.73 ]
					},
					{ "time": 0.1666, "value": 79.52, "curve": "stepped" },
					{
						"time": 0.7332,
						"value": 79.52,
						"curve": [ 0.812, 52.33, 0.91, -0.46 ]
					},
					{ "time": 0.9666, "value": -0.46 }
				],
				"translate": [
					{ "x": -0.46 }
				]
			},
			"Leg": {
				"translate": [
					{
						"y": -0.25,
						"curve": [ 0.037, 0, 0.071, 0, 0.037, -0.1, 0.071, 0 ]
					},
					{ "time": 0.1 },
					{
						"time": 0.6,
						"y": -2.02,
						"curve": [ 0.696, 0, 0.872, 0, 0.696, -2.02, 0.872, -0.78 ]
					},
					{ "time": 1, "y": -0.25 }
				]
			},
			"Feet": {
				"translate": [
					{
						"x": -0.25,
						"y": -0.07,
						"curve": [ 0.037, -0.1, 0.071, 0, 0.037, -0.03, 0.071, 0 ]
					},
					{
						"time": 0.1,
						"curve": [ 0.225, 0, 0.475, -1.95, 0.225, 0, 0.475, -0.55 ]
					},
					{
						"time": 0.6,
						"x": -1.95,
						"y": -0.55,
						"curve": [ 0.696, -1.95, 0.872, -0.76, 0.696, -0.55, 0.872, -0.21 ]
					},
					{ "time": 1, "x": -0.25, "y": -0.07 }
				]
			},
			"Leg2": {
				"translate": [
					{
						"y": -0.33,
						"curve": [ 0.037, 0, 0.071, 0, 0.037, -0.13, 0.071, 0 ]
					},
					{ "time": 0.1 },
					{
						"time": 0.6,
						"y": -2.53,
						"curve": [ 0.696, 0, 0.872, 0, 0.696, -2.53, 0.872, -0.99 ]
					},
					{ "time": 1, "y": -0.33 }
				]
			},
			"Feet2": {
				"translate": [
					{
						"x": -0.31,
						"y": 0.09,
						"curve": [ 0.037, -0.12, 0.071, 0, 0.037, 0.04, 0.071, 0 ]
					},
					{
						"time": 0.1,
						"curve": [ 0.225, 0, 0.475, -2.44, 0.225, 0, 0.475, 0.68 ]
					},
					{
						"time": 0.6,
						"x": -2.44,
						"y": 0.68,
						"curve": [ 0.696, -2.44, 0.872, -0.95, 0.696, 0.68, 0.872, 0.27 ]
					},
					{ "time": 1, "x": -0.31, "y": 0.09 }
				]
			},
			"Weapon": {
				"rotate": [
					{},
					{ "time": 0.1666, "value": -15.06, "curve": "stepped" },
					{ "time": 0.7332, "value": -15.06 },
					{ "time": 0.9666 }
				]
			}
		}
	},
	"Idle3": {
		"bones": {
			"Body": {
				"translate": [
					{
						"curve": [ 0.125, 0, 0.375, 0, 0.125, 0, 0.375, -3.5 ]
					},
					{
						"time": 0.5,
						"y": -3.5,
						"curve": [ 0.625, 0, 0.875, 0, 0.625, -3.5, 0.875, 0 ]
					},
					{ "time": 1 }
				]
			},
			"Head": {
				"translate": [
					{
						"x": -1.02,
						"curve": [ 0.028, -0.73, 0.1, 0, 0.028, 0, 0.1, 0 ]
					},
					{
						"time": 0.1333,
						"curve": [ 0.258, 0, 0.508, -1.75, 0.258, 0, 0.508, 0 ]
					},
					{
						"time": 0.6333,
						"x": -1.75,
						"curve": [ 0.725, -1.75, 0.91, -1.25, 0.725, 0, 0.91, 0 ]
					},
					{ "time": 1, "x": -1.02 }
				]
			},
			"Arm": {
				"rotate": [
					{
						"value": -10.63,
						"curve": [ 0.124, -11.48, 0.278, -13.14 ]
					},
					{
						"time": 0.3666,
						"value": -13.14,
						"curve": [ 0.492, -13.14, 0.742, -10 ]
					},
					{ "time": 0.8665, "value": -10 },
					{ "time": 1, "value": -10.63 }
				],
				"translate": [
					{
						"x": -0.43,
						"curve": [ 0.124, -1.02, 0.278, -2.17, 0.124, 0, 0.278, 0 ]
					},
					{
						"time": 0.3666,
						"x": -2.17,
						"curve": [ 0.492, -2.17, 0.742, 0, 0.492, 0, 0.742, 0 ]
					},
					{ "time": 0.8665 },
					{ "time": 1, "x": -0.43 }
				]
			},
			"Arm2": {
				"rotate": [
					{
						"value": -0.46,
						"curve": [ 0.053, -10.87, 0.109, -23.51 ]
					},
					{
						"time": 0.1666,
						"value": -37.64,
						"curve": [ 0.2, -33.24, 0.234, -28.85 ]
					},
					{
						"time": 0.2666,
						"value": -24.71,
						"curve": [ 0.3, -29.19, 0.334, -33.55 ]
					},
					{
						"time": 0.3666,
						"value": -37.9,
						"curve": [ 0.405, -32.7, 0.439, -28.78 ]
					},
					{
						"time": 0.4666,
						"value": -28.78,
						"curve": [ 0.5, -31.74, 0.533, -34.7 ]
					},
					{
						"time": 0.5666,
						"value": -37.75,
						"curve": [ 0.6, -37.72, 0.633, -37.68 ]
					},
					{
						"time": 0.6665,
						"value": -37.64,
						"curve": [ 0.795, -37.64, 0.918, -0.46 ]
					},
					{ "time": 1, "value": -0.46 }
				],
				"translate": [
					{
						"x": -0.46,
						"curve": [ 0.053, -3.75, 0.109, -7.75, 0.053, -0.03, 0.109, -0.06 ]
					},
					{
						"time": 0.1666,
						"x": -12.22,
						"y": -0.1,
						"curve": [ 0.255, -11.76, 0.348, -11.25, 0.255, -0.09, 0.348, -0.08 ]
					},
					{
						"time": 0.4332,
						"x": -10.84,
						"y": -0.07,
						"curve": [ 0.522, -11.63, 0.603, -12.22, 0.522, -0.09, 0.603, -0.1 ]
					},
					{
						"time": 0.6665,
						"x": -12.22,
						"y": -0.1,
						"curve": [ 0.787, -7.16, 0.918, -0.46, 0.787, -0.06, 0.918, 0 ]
					},
					{ "time": 1, "x": -0.46 }
				]
			},
			"Leg": {
				"translate": [
					{
						"y": -0.25,
						"curve": [ 0.037, 0, 0.071, 0, 0.037, -0.1, 0.071, 0 ]
					},
					{ "time": 0.1 },
					{
						"time": 0.6,
						"y": -2.02,
						"curve": [ 0.696, 0, 0.872, 0, 0.696, -2.02, 0.872, -0.78 ]
					},
					{ "time": 1, "y": -0.25 }
				]
			},
			"Feet": {
				"translate": [
					{
						"x": -0.25,
						"y": -0.07,
						"curve": [ 0.037, -0.1, 0.071, 0, 0.037, -0.03, 0.071, 0 ]
					},
					{
						"time": 0.1,
						"curve": [ 0.225, 0, 0.475, -1.95, 0.225, 0, 0.475, -0.55 ]
					},
					{
						"time": 0.6,
						"x": -1.95,
						"y": -0.55,
						"curve": [ 0.696, -1.95, 0.872, -0.76, 0.696, -0.55, 0.872, -0.21 ]
					},
					{ "time": 1, "x": -0.25, "y": -0.07 }
				]
			},
			"Leg2": {
				"translate": [
					{
						"y": -0.33,
						"curve": [ 0.037, 0, 0.071, 0, 0.037, -0.13, 0.071, 0 ]
					},
					{ "time": 0.1 },
					{
						"time": 0.6,
						"y": -2.53,
						"curve": [ 0.696, 0, 0.872, 0, 0.696, -2.53, 0.872, -0.99 ]
					},
					{ "time": 1, "y": -0.33 }
				]
			},
			"Feet2": {
				"translate": [
					{
						"x": -0.31,
						"y": 0.09,
						"curve": [ 0.037, -0.12, 0.071, 0, 0.037, 0.04, 0.071, 0 ]
					},
					{
						"time": 0.1,
						"curve": [ 0.225, 0, 0.475, -2.44, 0.225, 0, 0.475, 0.68 ]
					},
					{
						"time": 0.6,
						"x": -2.44,
						"y": 0.68,
						"curve": [ 0.696, -2.44, 0.872, -0.95, 0.696, 0.68, 0.872, 0.27 ]
					},
					{ "time": 1, "x": -0.31, "y": 0.09 }
				]
			},
			"Weapon": {
				"rotate": [
					{},
					{ "time": 0.1666, "value": -7.4, "curve": "stepped" },
					{ "time": 0.6665, "value": -7.4 },
					{ "time": 1 }
				]
			}
		}
	},
	"Move": {
		"bones": {
			"Arm": {
				"rotate": [
					{
						"value": 14.68,
						"curve": [ 0.047, 8.13, 0.15, -8.71 ]
					},
					{
						"time": 0.2,
						"value": -8.71,
						"curve": [ 0.283, -8.71, 0.397, 21.34 ]
					},
					{
						"time": 0.5332,
						"value": 21.34,
						"curve": [ 0.567, 21.34, 0.628, 17.21 ]
					},
					{ "time": 0.6665, "value": 14.68 }
				],
				"translate": [
					{
						"x": -2.8,
						"y": -0.05,
						"curve": [ 0.05, -2.8, 0.15, -0.68, 0.05, -0.05, 0.15, -0.92 ]
					},
					{
						"time": 0.2,
						"x": -0.68,
						"y": -0.92,
						"curve": [ 0.233, -0.68, 0.3, -2.8, 0.233, -0.92, 0.3, -0.05 ]
					},
					{
						"time": 0.3332,
						"x": -2.8,
						"y": -0.05,
						"curve": [ 0.383, -2.8, 0.483, 0.36, 0.383, -0.05, 0.483, 0.37 ]
					},
					{
						"time": 0.5332,
						"x": 0.36,
						"y": 0.37,
						"curve": [ 0.567, 0.36, 0.633, -2.8, 0.567, 0.37, 0.633, -0.05 ]
					},
					{ "time": 0.6665, "x": -2.8, "y": -0.05 }
				]
			},
			"Leg": {
				"rotate": [
					{
						"value": 26.55,
						"curve": [ 0.05, 26.55, 0.15, 52.93 ]
					},
					{
						"time": 0.2,
						"value": 52.93,
						"curve": [ 0.283, 52.93, 0.45, -1.83 ]
					},
					{
						"time": 0.5332,
						"value": -1.83,
						"curve": [ 0.567, -1.83, 0.633, 26.55 ]
					},
					{ "time": 0.6665, "value": 26.55 }
				],
				"translate": [
					{
						"curve": [ 0.05, 0, 0.15, 19.07, 0.05, 0, 0.15, 0 ]
					},
					{
						"time": 0.2,
						"x": 19.07,
						"curve": [ 0.317, 19.07, 0.55, 0, 0.317, 0, 0.55, 0 ]
					},
					{ "time": 0.6665 }
				]
			},
			"Leg2": {
				"rotate": [
					{
						"value": -33.11,
						"curve": [ 0.05, -33.11, 0.15, -49.47 ]
					},
					{
						"time": 0.2,
						"value": -49.47,
						"curve": [ 0.283, -49.47, 0.45, -1.65 ]
					},
					{
						"time": 0.5332,
						"value": -1.65,
						"curve": [ 0.567, -1.65, 0.633, -33.11 ]
					},
					{ "time": 0.6665, "value": -33.11 }
				],
				"translate": [
					{
						"curve": [ 0.05, 0, 0.15, -22.2, 0.05, 0, 0.15, 0 ]
					},
					{
						"time": 0.2,
						"x": -22.2,
						"curve": [ 0.25, -22.2, 0.35, -11.23, 0.25, 0, 0.35, 6.26 ]
					},
					{
						"time": 0.4,
						"x": -11.23,
						"y": 6.26,
						"curve": [ 0.467, -11.23, 0.6, 0, 0.467, 6.26, 0.6, 0 ]
					},
					{ "time": 0.6665 }
				]
			},
			"Feet": {
				"rotate": [
					{
						"value": -23.86,
						"curve": [ 0.05, -23.86, 0.15, -51.25 ]
					},
					{
						"time": 0.2,
						"value": -51.25,
						"curve": [ 0.233, -51.25, 0.3, -29.87 ]
					},
					{
						"time": 0.3332,
						"value": -29.87,
						"curve": [ 0.358, -29.87, 0.408, -14.06 ]
					},
					{
						"time": 0.4332,
						"value": -14.06,
						"curve": [ 0.458, -14.06, 0.508, -18.03 ]
					},
					{
						"time": 0.5332,
						"value": -18.03,
						"curve": [ 0.567, -18.03, 0.633, -23.47 ]
					},
					{ "time": 0.6665, "value": -23.47 }
				],
				"translate": [
					{
						"x": -0.83,
						"y": -4.44,
						"curve": [ 0.05, -0.83, 0.15, -1.02, 0.05, -4.44, 0.15, -4.69 ]
					},
					{ "time": 0.2, "x": -1.02, "y": -4.69, "curve": "stepped" },
					{
						"time": 0.5332,
						"x": -1.02,
						"y": -4.69,
						"curve": [ 0.567, -1.02, 0.633, -0.83, 0.567, -4.69, 0.633, -4.44 ]
					},
					{ "time": 0.6665, "x": -0.83, "y": -4.44 }
				]
			},
			"Feet2": {
				"rotate": [
					{
						"value": 33.52,
						"curve": [ 0.05, 33.52, 0.15, 9.39 ]
					},
					{
						"time": 0.2,
						"value": 9.39,
						"curve": [ 0.283, 9.39, 0.45, 14.85 ]
					},
					{
						"time": 0.5332,
						"value": 14.85,
						"curve": [ 0.567, 14.85, 0.633, 33.52 ]
					},
					{ "time": 0.6665, "value": 33.52 }
				],
				"translate": [
					{
						"x": -0.98,
						"y": 3.98,
						"curve": [ 0.05, -0.98, 0.15, 0.28, 0.05, 3.98, 0.15, -0.41 ]
					},
					{
						"time": 0.2,
						"x": 0.28,
						"y": -0.41,
						"curve": [ 0.283, 0.28, 0.45, 0.31, 0.283, -0.41, 0.45, 2.53 ]
					},
					{
						"time": 0.5332,
						"x": 0.31,
						"y": 2.53,
						"curve": [ 0.567, 0.31, 0.633, -0.98, 0.567, 2.53, 0.633, 3.98 ]
					},
					{ "time": 0.6665, "x": -0.98, "y": 3.98 }
				]
			},
			"Hip": {
				"translate": [
					{},
					{ "time": 0.2, "y": 3.83 },
					{ "time": 0.3332 },
					{ "time": 0.5332, "y": 3.83 },
					{ "time": 0.6665 }
				]
			},
			"Head": {
				"rotate": [
					{ "value": 6.57 }
				],
				"translate": [
					{ "x": 0.94 },
					{ "time": 0.0666 },
					{ "time": 0.2666, "x": 1.9 },
					{ "time": 0.4 },
					{ "time": 0.6, "x": 1.9 },
					{ "time": 0.6665, "x": 0.94 }
				]
			},
			"Arm2": {
				"rotate": [
					{
						"value": -5.88,
						"curve": [ 0.049, -2.76, 0.15, 4.17 ]
					},
					{
						"time": 0.2,
						"value": 4.17,
						"curve": [ 0.283, 4.17, 0.45, -10.85 ]
					},
					{
						"time": 0.5332,
						"value": -10.85,
						"curve": [ 0.567, -10.85, 0.637, -7.27 ]
					},
					{ "time": 0.6665, "value": -5.88 }
				]
			},
			"Body": {
				"rotate": [
					{ "value": -5.26 }
				],
				"translate": [
					{ "y": 2.5 },
					{ "time": 0.0666 },
					{ "time": 0.2666, "y": 3.01 },
					{ "time": 0.4 },
					{ "time": 0.6, "y": 5.03 },
					{ "time": 0.6665, "y": 2.5 }
				]
			}
		}
	},
	"Parried": {
		"bones": {
			"Arm": {
				"rotate": [
					{ "value": -22.67 },
					{ "time": 0.1, "value": -46.86 },
					{ "time": 0.2333, "value": -5.32 },
					{ "time": 0.4, "value": -10.02 }
				],
				"translate": [
					{ "x": -3.15, "y": -2.18 },
					{ "time": 0.4 }
				]
			},
			"Hip": {
				"translate": [
					{ "x": 6.94, "y": -4.46 },
					{ "time": 0.4 }
				]
			},
			"Body": {
				"rotate": [
					{ "value": -9.88 },
					{ "time": 0.1, "value": 7.82 },
					{ "time": 0.4 }
				],
				"translate": [
					{ "x": -0.86, "y": 2.84 },
					{ "time": 0.1, "x": -3.19, "y": 2.13 },
					{ "time": 0.4 }
				]
			},
			"Leg": {
				"rotate": [
					{ "value": -13.94 },
					{ "time": 0.4 }
				]
			},
			"Leg2": {
				"rotate": [
					{ "value": 7.28 },
					{ "time": 0.1, "value": 19.31 },
					{ "time": 0.4 }
				],
				"translate": [
					{ "x": 3.65, "y": 4.36 },
					{ "time": 0.1, "x": -3.88, "y": 5.46 },
					{ "time": 0.4 }
				]
			},
			"Arm2": {
				"rotate": [
					{ "value": 19 },
					{ "time": 0.1, "value": 88.3 },
					{ "time": 0.4 }
				],
				"translate": [
					{ "x": 0.34, "y": -1.94 },
					{ "time": 0.1, "x": -1.61, "y": 3.91 },
					{ "time": 0.4 }
				]
			},
			"Feet": {
				"rotate": [
					{ "value": 13.77 },
					{ "time": 0.4 }
				],
				"translate": [
					{ "x": -1.07, "y": 1.64 },
					{ "time": 0.4 }
				]
			},
			"Feet2": {
				"rotate": [
					{ "value": -2.24 },
					{ "time": 0.1, "value": 3.22 },
					{ "time": 0.4 }
				],
				"translate": [
					{},
					{ "time": 0.1, "x": -1.55, "y": 1.1 },
					{ "time": 0.4 }
				]
			},
			"Head": {
				"rotate": [
					{ "value": 3.03 },
					{ "time": 0.1, "value": 11.84 },
					{ "time": 0.4 }
				],
				"translate": [
					{ "x": -1.08, "y": -0.37 },
					{ "time": 0.4 }
				]
			}
		}
	}
}
}